,date,instrument,pct_change_m
166149,2016-04-01,600018.SH,-2.1622
166150,2016-04-01,000791.SZ,-1.561
166151,2016-04-01,600353.SH,-3.5971
166152,2016-04-01,000953.SZ,0.0
166153,2016-04-01,000039.SZ,-1.8856
166154,2016-04-01,000900.SZ,-1.1034
166155,2016-04-01,000957.SZ,-2.002
166156,2016-04-01,000416.SZ,0.2591
166157,2016-04-01,002081.SZ,2.7518
166158,2016-04-01,002204.SZ,-1.6086
166159,2016-04-01,600332.SH,-0.3062
166160,2016-04-01,000417.SZ,-2.1004
166161,2016-04-01,000899.SZ,0.0
166162,2016-04-01,600715.SH,-1.5549
166163,2016-04-01,600551.SH,-1.0995
166164,2016-04-01,600029.SH,1.1094
166165,2016-04-01,600649.SH,4.8303
166166,2016-04-01,601958.SH,-0.5089
166167,2016-04-01,600992.SH,-4.7434
166168,2016-04-01,002057.SZ,0.0
166169,2016-04-01,000678.SZ,1.8204
166170,2016-04-01,002448.SZ,0.295
166171,2016-04-01,000510.SZ,2.9112
166172,2016-04-01,002043.SZ,-1.3655
166173,2016-04-01,000718.SZ,0.0
166174,2016-04-01,000557.SZ,0.0
166175,2016-04-01,002022.SZ,-2.5641
166176,2016-04-01,600308.SH,1.0846
166177,2016-04-01,002067.SZ,-0.4525
166178,2016-04-01,002083.SZ,-1.5848
166179,2016-04-01,600010.SH,2.027
166180,2016-04-01,000402.SZ,-0.5376
166181,2016-04-01,000038.SZ,0.0
166182,2016-04-01,300461.SZ,-0.6758
166183,2016-04-01,600686.SH,-3.1144
166184,2016-04-01,002303.SZ,-0.1826
166185,2016-04-01,300441.SZ,0.0
166186,2016-04-01,000768.SZ,-0.9819
166187,2016-04-01,600307.SH,0.0
166188,2016-04-01,002142.SZ,-0.3712
166189,2016-04-01,002327.SZ,-0.8791
166190,2016-04-01,002141.SZ,1.0049
166191,2016-04-01,603188.SH,0.0
166192,2016-04-01,000685.SZ,-1.2987
166193,2016-04-01,000681.SZ,-2.6024
166194,2016-04-01,002684.SZ,0.0
166195,2016-04-01,601899.SH,0.6116
166196,2016-04-01,601699.SH,0.0
166197,2016-04-01,002294.SZ,-0.4595
166198,2016-04-01,002761.SZ,-3.9017
166199,2016-04-01,002391.SZ,-2.6452
166200,2016-04-01,600317.SH,-4.2959
166201,2016-04-01,000507.SZ,-3.2154
166202,2016-04-01,600815.SH,0.1536
166203,2016-04-01,000509.SZ,0.0
166204,2016-04-01,000978.SZ,-1.2821
166205,2016-04-01,603885.SH,2.044
166206,2016-04-01,000981.SZ,-3.5343
166207,2016-04-01,600622.SH,0.3831
166208,2016-04-01,600358.SH,-0.5158
166209,2016-04-01,300294.SZ,-2.4883
166210,2016-04-01,002020.SZ,0.4758
166211,2016-04-01,000551.SZ,-0.5513
166212,2016-04-01,000554.SZ,2.5948
166213,2016-04-01,002047.SZ,0.0
166214,2016-04-01,002735.SZ,0.2429
166215,2016-04-01,300263.SZ,-1.1607
166216,2016-04-01,600690.SH,0.9445
166217,2016-04-01,000779.SZ,-5.3249
166218,2016-04-01,002105.SZ,-0.4505
166219,2016-04-01,002314.SZ,0.0
166220,2016-04-01,603696.SH,-2.253
166221,2016-04-01,600645.SH,-2.0081
166222,2016-04-01,600225.SH,0.7117
166223,2016-04-01,600975.SH,-2.7799
166224,2016-04-01,000573.SZ,1.1842
166225,2016-04-01,600973.SH,-1.2522
166226,2016-04-01,000613.SZ,-3.3859
166227,2016-04-01,600355.SH,0.2525
166228,2016-04-01,600031.SH,-0.703
166229,2016-04-01,000612.SZ,0.0
166230,2016-04-01,300436.SZ,0.0
166231,2016-04-01,600620.SH,-2.05
166232,2016-04-01,002755.SZ,-1.5566
166233,2016-04-01,300445.SZ,-2.7523
166234,2016-04-01,603608.SH,2.2648
166235,2016-04-01,300448.SZ,0.1106
166236,2016-04-01,002171.SZ,-1.6383
166237,2016-04-01,002174.SZ,4.1574
166238,2016-04-01,002176.SZ,-1.203
166239,2016-04-01,600958.SH,-2.0679
166240,2016-04-01,000502.SZ,0.3294
166241,2016-04-01,601968.SH,-2.0619
166242,2016-04-01,000600.SZ,2.1858
166243,2016-04-01,603919.SH,0.588
166244,2016-04-01,600751.SH,0.0
166245,2016-04-01,300466.SZ,0.0
166246,2016-04-01,601985.SH,-0.1295
166247,2016-04-01,603116.SH,2.1851
166248,2016-04-01,600738.SH,0.0
166249,2016-04-01,300505.SZ,-0.3677
166250,2016-04-01,603520.SH,-1.1153
166251,2016-04-01,002090.SZ,-1.4706
166252,2016-04-01,002367.SZ,0.207
166253,2016-04-01,002093.SZ,-1.5966
166254,2016-04-01,600568.SH,-1.5934
166255,2016-04-01,000420.SZ,0.4969
166256,2016-04-01,000601.SZ,2.907
166257,2016-04-01,600426.SH,-0.579
166258,2016-04-01,000421.SZ,0.1323
166259,2016-04-01,000606.SZ,-5.0048
166260,2016-04-01,002435.SZ,-0.8383
166261,2016-04-01,000958.SZ,-1.3963
166262,2016-04-01,600897.SH,-0.3566
166263,2016-04-01,000961.SZ,0.8951
166264,2016-04-01,000727.SZ,-1.3812
166265,2016-04-01,000514.SZ,-2.4494
166266,2016-04-01,002077.SZ,6.8125
166267,2016-04-01,600900.SH,1.6287
166268,2016-04-01,600219.SH,7.781
166269,2016-04-01,601918.SH,0.9585
166270,2016-04-01,600679.SH,-1.0404
166271,2016-04-01,002023.SZ,0.6931
166272,2016-04-01,000985.SZ,0.3493
166273,2016-04-01,000410.SZ,-1.662
166274,2016-04-01,600030.SH,-0.5618
166275,2016-04-01,002054.SZ,-5.8566
166276,2016-04-01,000983.SZ,4.9137
166277,2016-04-01,600892.SH,-0.6998
166278,2016-04-01,000892.SZ,-2.8202
166279,2016-04-01,000720.SZ,0.0
166280,2016-04-01,000035.SZ,1.5209
166281,2016-04-01,002297.SZ,-1.8116
166282,2016-04-01,002343.SZ,-4.0833
166283,2016-04-01,000032.SZ,-1.5927
166284,2016-04-01,600682.SH,-0.6173
166285,2016-04-01,000987.SZ,-1.8519
166286,2016-04-01,600135.SH,-3.3271
166287,2016-04-01,600883.SH,2.0915
166288,2016-04-01,600877.SH,0.0
166289,2016-04-01,600229.SH,-0.2351
166290,2016-04-01,603030.SH,0.1462
166291,2016-04-01,000657.SZ,10.0184
166292,2016-04-01,603199.SH,2.809
166293,2016-04-01,002383.SZ,-2.7324
166294,2016-04-01,300054.SZ,-3.8164
166295,2016-04-01,002759.SZ,0.0
166296,2016-04-01,000693.SZ,0.0
166297,2016-04-01,002145.SZ,3.9922
166298,2016-04-01,601226.SH,-1.0913
166299,2016-04-01,300484.SZ,9.9981
166300,2016-04-01,002403.SZ,-0.9585
166301,2016-04-01,000732.SZ,1.9737
166302,2016-04-01,300432.SZ,0.0
166303,2016-04-01,000655.SZ,2.1792
166304,2016-04-01,000933.SZ,2.2648
166305,2016-04-01,600651.SH,-1.5246
166306,2016-04-01,002731.SZ,1.1102
166307,2016-04-01,000692.SZ,-1.4134
166308,2016-04-01,603066.SH,-1.896
166309,2016-04-01,000729.SZ,-2.3129
166310,2016-04-01,002432.SZ,-3.8193
166311,2016-04-01,000901.SZ,-1.2475
166312,2016-04-01,000040.SZ,-0.6891
166313,2016-04-01,002758.SZ,-1.6371
166314,2016-04-01,601001.SH,0.0
166315,2016-04-01,000005.SZ,-1.8253
166316,2016-04-01,000004.SZ,0.0
166317,2016-04-01,601678.SH,0.0
166318,2016-04-01,601003.SH,1.6575
166319,2016-04-01,002787.SZ,-1.5645
166320,2016-04-01,603020.SH,-1.191
166321,2016-04-01,000007.SZ,0.0
166322,2016-04-01,000695.SZ,-0.5031
166323,2016-04-01,000936.SZ,1.3245
166324,2016-04-01,000501.SZ,-0.8088
166325,2016-04-01,600621.SH,1.5549
166326,2016-04-01,300086.SZ,2.8473
166327,2016-04-01,600633.SH,-2.6901
166328,2016-04-01,600310.SH,0.125
166329,2016-04-01,002313.SZ,-3.2319
166330,2016-04-01,002117.SZ,0.0935
166331,2016-04-01,000778.SZ,0.5556
166332,2016-04-01,002115.SZ,-1.1586
166333,2016-04-01,002078.SZ,1.0893
166334,2016-04-01,002112.SZ,0.0
166335,2016-04-01,600418.SH,-1.847
166336,2016-04-01,600339.SH,0.0
166337,2016-04-01,002109.SZ,0.3115
166338,2016-04-01,000407.SZ,5.3191
166339,2016-04-01,002074.SZ,-1.933
166340,2016-04-01,600345.SH,-2.4413
166341,2016-04-01,601069.SH,-1.189
166342,2016-04-01,300480.SZ,-3.8584
166343,2016-04-01,603601.SH,-2.0718
166344,2016-04-01,600011.SH,0.6274
166345,2016-04-01,603969.SH,5.0587
166346,2016-04-01,603999.SH,-2.2721
166347,2016-04-01,603901.SH,-0.6733
166348,2016-04-01,002387.SZ,10.0073
166349,2016-04-01,600312.SH,2.3733
166350,2016-04-01,603788.SH,-1.8596
166351,2016-04-01,002770.SZ,1.2593
166352,2016-04-01,600006.SH,0.0
166353,2016-04-01,300406.SZ,-0.9545
166354,2016-04-01,002776.SZ,-7.5812
166355,2016-04-01,002404.SZ,-0.2717
166356,2016-04-01,603818.SH,-1.9255
166357,2016-04-01,002361.SZ,-1.9608
166358,2016-04-01,002409.SZ,-0.1427
166359,2016-04-01,002027.SZ,10.013
166360,2016-04-01,002139.SZ,-2.1436
166361,2016-04-01,002035.SZ,2.9826
166362,2016-04-01,600575.SH,0.0
166363,2016-04-01,002051.SZ,0.3058
166364,2016-04-01,000547.SZ,0.2011
166365,2016-04-01,002006.SZ,0.0
166366,2016-04-01,601999.SH,-0.9346
166367,2016-04-01,600502.SH,0.0
166368,2016-04-01,600257.SH,6.0
166369,2016-04-01,603686.SH,0.7644
166370,2016-04-01,000541.SZ,-2.3983
166371,2016-04-01,000565.SZ,0.0
166372,2016-04-01,600288.SH,-2.4544
166373,2016-04-01,000560.SZ,1.0784
166374,2016-04-01,002024.SZ,-1.6594
166375,2016-04-01,000728.SZ,-1.8359
166376,2016-04-01,600309.SH,2.6441
166377,2016-04-01,002290.SZ,-1.5345
166378,2016-04-01,002292.SZ,-2.9477
166379,2016-04-01,002136.SZ,8.0702
166380,2016-04-01,000686.SZ,-2.6855
166381,2016-04-01,002279.SZ,1.6316
166382,2016-04-01,000423.SZ,-0.6385
166383,2016-04-01,002113.SZ,1.875
166384,2016-04-01,601998.SH,0.3295
166385,2016-04-01,600391.SH,-1.9119
166386,2016-04-01,600997.SH,0.3899
166387,2016-04-01,002275.SZ,0.0592
166388,2016-04-01,002419.SZ,0.0725
166389,2016-04-01,300291.SZ,-3.1935
166390,2016-04-01,000679.SZ,-1.4296
166391,2016-04-01,601808.SH,0.6163
166392,2016-04-01,002029.SZ,-1.7094
166393,2016-04-01,600993.SH,-0.5938
166394,2016-04-01,000932.SZ,0.0
166395,2016-04-01,300379.SZ,-2.8315
166396,2016-04-01,603099.SH,-1.6455
166397,2016-04-01,600048.SH,0.431
166398,2016-04-01,600396.SH,2.5194
166399,2016-04-01,300031.SZ,-2.8524
166400,2016-04-01,000886.SZ,-0.1869
166401,2016-04-01,000883.SZ,-1.2739
166402,2016-04-01,002017.SZ,-1.9894
166403,2016-04-01,002189.SZ,-4.7525
166404,2016-04-01,002188.SZ,2.9842
166405,2016-04-01,002018.SZ,0.0
166406,2016-04-01,000009.SZ,-2.4035
166407,2016-04-01,000550.SZ,0.5309
166408,2016-04-01,000889.SZ,-0.8929
166409,2016-04-01,000737.SZ,0.1757
166410,2016-04-01,002045.SZ,-1.8005
166411,2016-04-01,002046.SZ,0.0
166412,2016-04-01,002389.SZ,0.0
166413,2016-04-01,000731.SZ,-0.6402
166414,2016-04-01,000887.SZ,-3.241
166415,2016-04-01,002544.SZ,0.0
166416,2016-04-01,000543.SZ,-0.2874
166417,2016-04-01,002212.SZ,-0.2227
166418,2016-04-01,002309.SZ,2.4339
166419,2016-04-01,002439.SZ,0.0
166420,2016-04-01,600055.SH,-2.2362
166421,2016-04-01,000850.SZ,5.9932
166422,2016-04-01,600080.SH,-1.8784
166423,2016-04-01,300063.SZ,0.0
166424,2016-04-01,002336.SZ,-1.1858
166425,2016-04-01,600683.SH,-0.9677
166426,2016-04-01,000036.SZ,0.2472
166427,2016-04-01,002320.SZ,-1.9741
166428,2016-04-01,000897.SZ,1.7241
166429,2016-04-01,600038.SH,-1.5165
166430,2016-04-01,000411.SZ,-1.116
166431,2016-04-01,002232.SZ,-2.1144
166432,2016-04-01,000415.SZ,0.0
166433,2016-04-01,000937.SZ,2.0873
166434,2016-04-01,000503.SZ,-2.3061
166435,2016-04-01,600050.SH,3.4169
166436,2016-04-01,002407.SZ,3.5659
166437,2016-04-01,002443.SZ,-1.2512
166438,2016-04-01,600655.SH,0.3891
166439,2016-04-01,002271.SZ,3.9076
166440,2016-04-01,002126.SZ,-0.6725
166441,2016-04-01,000045.SZ,-3.2233
166442,2016-04-01,300287.SZ,0.0
166443,2016-04-01,002190.SZ,-2.8571
166444,2016-04-01,600593.SH,-2.903
166445,2016-04-01,600397.SH,1.006
166446,2016-04-01,600051.SH,-0.9756
166447,2016-04-01,600236.SH,2.0
166448,2016-04-01,600086.SH,-0.3226
166449,2016-04-01,000625.SZ,-2.3462
166450,2016-04-01,002163.SZ,-1.2563
166451,2016-04-01,000617.SZ,-4.386
166452,2016-04-01,002120.SZ,-0.0827
166453,2016-04-01,002164.SZ,0.0
166454,2016-04-01,600730.SH,-3.3768
166455,2016-04-01,002122.SZ,-0.7331
166456,2016-04-01,002227.SZ,-3.2026
166457,2016-04-01,002211.SZ,0.0
166458,2016-04-01,002125.SZ,-1.0216
166459,2016-04-01,000668.SZ,1.4409
166460,2016-04-01,002743.SZ,0.9282
166461,2016-04-01,000687.SZ,-3.0151
166462,2016-04-01,002293.SZ,0.0
166463,2016-04-01,000099.SZ,-3.6145
166464,2016-04-01,601866.SH,0.6466
166465,2016-04-01,600721.SH,0.9747
166466,2016-04-01,000680.SZ,-0.3795
166467,2016-04-01,002374.SZ,5.5057
166468,2016-04-01,000070.SZ,0.7414
166469,2016-04-01,000738.SZ,-1.7094
166470,2016-04-01,600305.SH,-1.3599
166471,2016-04-01,600000.SH,1.3943
166472,2016-04-01,002762.SZ,0.0
166473,2016-04-01,600005.SH,3.7801
166474,2016-04-01,600008.SH,1.6548
166475,2016-04-01,300098.SZ,-1.4925
166476,2016-04-01,000418.SZ,1.854
166477,2016-04-01,000705.SZ,-0.0805
166478,2016-04-01,002137.SZ,5.7488
166479,2016-04-01,600978.SH,-1.528
166480,2016-04-01,002228.SZ,0.888
166481,2016-04-01,600961.SH,-0.7843
166482,2016-04-01,600199.SH,-1.9093
166483,2016-04-01,600208.SH,-0.2481
166484,2016-04-01,600616.SH,1.2012
166485,2016-04-01,600615.SH,-0.442
166486,2016-04-01,600187.SH,-1.2048
166487,2016-04-01,600153.SH,0.0
166488,2016-04-01,600861.SH,-1.3778
166489,2016-04-01,001872.SZ,-2.3865
166490,2016-04-01,600149.SH,-0.1574
166491,2016-04-01,600529.SH,-0.6443
166492,2016-04-01,600513.SH,0.0
166493,2016-04-01,600512.SH,2.4038
166494,2016-04-01,002133.SZ,1.387
166495,2016-04-01,600561.SH,-1.2872
166496,2016-04-01,002342.SZ,-0.8251
166497,2016-04-01,600785.SH,-2.8592
166498,2016-04-01,002146.SZ,0.2755
166499,2016-04-01,600015.SH,0.689
166500,2016-04-01,002632.SZ,-1.9862
166501,2016-04-01,300071.SZ,0.0
166502,2016-04-01,300015.SZ,0.5362
166503,2016-04-01,002168.SZ,0.0
166504,2016-04-01,300245.SZ,-2.9972
166505,2016-04-01,002056.SZ,3.6539
166506,2016-04-01,300254.SZ,-1.3364
166507,2016-04-01,002140.SZ,-0.9602
166508,2016-04-01,300282.SZ,-2.9155
166509,2016-04-01,601258.SH,0.0
166510,2016-04-01,600767.SH,-1.8745
166511,2016-04-01,600302.SH,2.1127
166512,2016-04-01,600722.SH,2.6814
166513,2016-04-01,300065.SZ,-0.3513
166514,2016-04-01,600114.SH,-2.6532
166515,2016-04-01,300487.SZ,2.0283
166516,2016-04-01,603100.SH,-0.899
166517,2016-04-01,300399.SZ,-3.4529
166518,2016-04-01,600215.SH,0.0
166519,2016-04-01,300241.SZ,0.4545
166520,2016-04-01,600282.SH,0.7634
166521,2016-04-01,603968.SH,-0.2074
166522,2016-04-01,002775.SZ,6.6444
166523,2016-04-01,603669.SH,-1.6014
166524,2016-04-01,000995.SZ,0.8844
166525,2016-04-01,002749.SZ,0.1207
166526,2016-04-01,603198.SH,-0.8675
166527,2016-04-01,600609.SH,5.9809
166528,2016-04-01,300029.SZ,-2.7318
166529,2016-04-01,002771.SZ,0.0
166530,2016-04-01,002786.SZ,-2.608
166531,2016-04-01,603027.SH,0.9747
166532,2016-04-01,600486.SH,-1.6136
166533,2016-04-01,002252.SZ,-0.524
166534,2016-04-01,600444.SH,2.9093
166535,2016-04-01,300497.SZ,1.5703
166536,2016-04-01,600618.SH,-0.4895
166537,2016-04-01,002229.SZ,-3.3333
166538,2016-04-01,600624.SH,-2.5983
166539,2016-04-01,600626.SH,-0.8453
166540,2016-04-01,000908.SZ,-2.4818
166541,2016-04-01,600084.SH,10.0164
166542,2016-04-01,300449.SZ,-0.691
166543,2016-04-01,000951.SZ,-2.2622
166544,2016-04-01,603898.SH,0.0
166545,2016-04-01,300393.SZ,-1.7189
166546,2016-04-01,600129.SH,0.1194
166547,2016-04-01,600343.SH,-0.6247
166548,2016-04-01,600350.SH,2.3091
166549,2016-04-01,000008.SZ,-0.2775
166550,2016-04-01,000735.SZ,-1.2414
166551,2016-04-01,000739.SZ,0.3026
166552,2016-04-01,300451.SZ,-2.1998
166553,2016-04-01,600125.SH,1.138
166554,2016-04-01,600303.SH,-3.108
166555,2016-04-01,002415.SZ,-1.0383
166556,2016-04-01,000733.SZ,-1.8102
166557,2016-04-01,000518.SZ,0.7278
166558,2016-04-01,600810.SH,-0.2695
166559,2016-04-01,600105.SH,0.0
166560,2016-04-01,000748.SZ,-2.5478
166561,2016-04-01,002748.SZ,0.0
166562,2016-04-01,002107.SZ,3.7417
166563,2016-04-01,000623.SZ,-1.4036
166564,2016-04-01,600811.SH,-0.2924
166565,2016-04-01,600419.SH,-0.0595
166566,2016-04-01,002053.SZ,4.4277
166567,2016-04-01,603606.SH,-2.4476
166568,2016-04-01,300396.SZ,-0.9371
166569,2016-04-01,600383.SH,1.8933
166570,2016-04-01,000609.SZ,-1.1597
166571,2016-04-01,000597.SZ,1.069
166572,2016-04-01,300374.SZ,-3.0132
166573,2016-04-01,600195.SH,1.0
166574,2016-04-01,600764.SH,1.3158
166575,2016-04-01,000856.SZ,5.06
166576,2016-04-01,600725.SH,2.1776
166577,2016-04-01,002231.SZ,-4.1134
166578,2016-04-01,600490.SH,-1.8476
166579,2016-04-01,600258.SH,0.0
166580,2016-04-01,600429.SH,-1.2414
166581,2016-04-01,600487.SH,-1.5411
166582,2016-04-01,002427.SZ,0.0
166583,2016-04-01,600108.SH,-0.8945
166584,2016-04-01,603599.SH,2.797
166585,2016-04-01,002406.SZ,-0.5605
166586,2016-04-01,000988.SZ,-2.7778
166587,2016-04-01,300368.SZ,1.8777
166588,2016-04-01,002393.SZ,-0.1847
166589,2016-04-01,000065.SZ,-2.2067
166590,2016-04-01,002621.SZ,-1.0503
166591,2016-04-01,300059.SZ,-2.9345
166592,2016-04-01,002583.SZ,-1.6553
166593,2016-04-01,002626.SZ,-3.082
166594,2016-04-01,300217.SZ,2.0434
166595,2016-04-01,601058.SH,-0.6046
166596,2016-04-01,300363.SZ,-2.7315
166597,2016-04-01,000619.SZ,1.6008
166598,2016-04-01,000059.SZ,5.0193
166599,2016-04-01,603566.SH,1.0643
166600,2016-04-01,000979.SZ,-0.3268
166601,2016-04-01,600917.SH,-3.0631
166602,2016-04-01,000048.SZ,-1.1583
166603,2016-04-01,000043.SZ,-0.5447
166604,2016-04-01,002741.SZ,-5.2023
166605,2016-04-01,002421.SZ,-3.1813
166606,2016-04-01,002782.SZ,-3.0113
166607,2016-04-01,000607.SZ,-0.5353
166608,2016-04-01,600109.SH,-2.079
166609,2016-04-01,300087.SZ,-2.0035
166610,2016-04-01,600267.SH,-2.4105
166611,2016-04-01,600279.SH,-1.4041
166612,2016-04-01,600221.SH,1.2618
166613,2016-04-01,002312.SZ,0.0
166614,2016-04-01,600648.SH,-1.806
166615,2016-04-01,600639.SH,-1.8702
166616,2016-04-01,600642.SH,-0.1647
166617,2016-04-01,600278.SH,0.7102
166618,2016-04-01,600643.SH,0.0
166619,2016-04-01,600644.SH,-0.6623
166620,2016-04-01,600685.SH,-1.7001
166621,2016-04-01,300442.SZ,-4.2414
166622,2016-04-01,000037.SZ,0.0
166623,2016-04-01,600766.SH,2.1816
166624,2016-04-01,603028.SH,9.9511
166625,2016-04-01,000898.SZ,0.9852
166626,2016-04-01,300404.SZ,-0.8683
166627,2016-04-01,600981.SH,-0.4228
166628,2016-04-01,600971.SH,0.9398
166629,2016-04-01,000050.SZ,-2.7998
166630,2016-04-01,600285.SH,-0.7805
166631,2016-04-01,600816.SH,-1.1926
166632,2016-04-01,600130.SH,10.0346
166633,2016-04-01,000608.SZ,0.0
166634,2016-04-01,002341.SZ,-1.6781
166635,2016-04-01,600566.SH,-0.8757
166636,2016-04-01,600636.SH,-2.2628
166637,2016-04-01,002173.SZ,0.5277
166638,2016-04-01,600515.SH,-1.7354
166639,2016-04-01,300274.SZ,-0.8609
166640,2016-04-01,300101.SZ,-1.9775
166641,2016-04-01,600724.SH,0.0
166642,2016-04-01,603838.SH,0.0
166643,2016-04-01,600966.SH,-1.1396
166644,2016-04-01,002352.SZ,0.0723
166645,2016-04-01,000885.SZ,-0.4335
166646,2016-04-01,600839.SH,1.2563
166647,2016-04-01,002412.SZ,-2.1893
166648,2016-04-01,601989.SH,-1.1127
166649,2016-04-01,600827.SH,0.0707
166650,2016-04-01,600527.SH,-1.3889
166651,2016-04-01,300269.SZ,-2.3509
166652,2016-04-01,300210.SZ,0.0
166653,2016-04-01,300424.SZ,-1.4128
166654,2016-04-01,002305.SZ,6.0377
166655,2016-04-01,601015.SH,0.533
166656,2016-04-01,000757.SZ,0.0
166657,2016-04-01,002025.SZ,1.1853
166658,2016-04-01,600074.SH,2.8571
166659,2016-04-01,600635.SH,-1.0101
166660,2016-04-01,000616.SZ,0.9042
166661,2016-04-01,002300.SZ,2.1632
166662,2016-04-01,600231.SH,-3.1509
166663,2016-04-01,000990.SZ,0.0
166664,2016-04-01,002198.SZ,-1.5251
166665,2016-04-01,300475.SZ,-1.3147
166666,2016-04-01,600235.SH,-2.485
166667,2016-04-01,002405.SZ,0.0
166668,2016-04-01,002402.SZ,-1.341
166669,2016-04-01,600653.SH,0.2457
166670,2016-04-01,300298.SZ,0.0
166671,2016-04-01,603883.SH,-1.5598
166672,2016-04-01,000561.SZ,-2.2936
166673,2016-04-01,300042.SZ,1.1838
166674,2016-04-01,600269.SH,0.0
166675,2016-04-01,300407.SZ,-2.6403
166676,2016-04-01,300403.SZ,-0.6562
166677,2016-04-01,002165.SZ,6.3613
166678,2016-04-01,002733.SZ,-0.7765
166679,2016-04-01,002052.SZ,0.0
166680,2016-04-01,002169.SZ,-1.2864
166681,2016-04-01,603355.SH,-1.5582
166682,2016-04-01,002384.SZ,-3.4958
166683,2016-04-01,000564.SZ,-1.848
166684,2016-04-01,002779.SZ,-1.125
166685,2016-04-01,601969.SH,0.1637
166686,2016-04-01,002170.SZ,-1.1013
166687,2016-04-01,600016.SH,1.427
166688,2016-04-01,300384.SZ,0.0
166689,2016-04-01,600560.SH,0.0
166690,2016-04-01,603866.SH,-1.7037
166691,2016-04-01,300486.SZ,-3.002
166692,2016-04-01,000922.SZ,-1.3699
166693,2016-04-01,603318.SH,0.0
166694,2016-04-01,600654.SH,0.0
166695,2016-04-01,000517.SZ,2.7484
166696,2016-04-01,000962.SZ,0.0
166697,2016-04-01,300492.SZ,-1.6866
166698,2016-04-01,603996.SH,-1.6996
166699,2016-04-01,002377.SZ,1.627
166700,2016-04-01,002538.SZ,-3.2901
166701,2016-04-01,300380.SZ,-0.9637
166702,2016-04-01,601117.SH,1.0204
166703,2016-04-01,000089.SZ,-1.0922
166704,2016-04-01,600959.SH,-1.2154
166705,2016-04-01,600713.SH,0.0
166706,2016-04-01,600754.SH,-0.1464
166707,2016-04-01,600535.SH,0.4893
166708,2016-04-01,300482.SZ,3.5689
166709,2016-04-01,000422.SZ,-0.471
166710,2016-04-01,600757.SH,-0.8772
166711,2016-04-01,002788.SZ,1.1022
166712,2016-04-01,002433.SZ,0.6856
166713,2016-04-01,300365.SZ,-1.1648
166714,2016-04-01,000301.SZ,0.0
166715,2016-04-01,002356.SZ,1.4547
166716,2016-04-01,000620.SZ,0.8
166717,2016-04-01,002061.SZ,0.3226
166718,2016-04-01,600868.SH,-1.9538
166719,2016-04-01,600173.SH,-1.061
166720,2016-04-01,000707.SZ,-1.4175
166721,2016-04-01,600604.SH,-2.9578
166722,2016-04-01,000697.SZ,0.1537
166723,2016-04-01,000691.SZ,-0.8395
166724,2016-04-01,002596.SZ,0.0
166725,2016-04-01,600838.SH,-0.8639
166726,2016-04-01,300500.SZ,-2.9745
166727,2016-04-01,600203.SH,-0.4216
166728,2016-04-01,000505.SZ,0.6601
166729,2016-04-01,300066.SZ,0.0
166730,2016-04-01,002790.SZ,1.0441
166731,2016-04-01,600596.SH,-1.7722
166732,2016-04-01,002049.SZ,-3.758
166733,2016-04-01,600271.SH,0.0
166734,2016-04-01,002044.SZ,0.0
166735,2016-04-01,000711.SZ,-2.4324
166736,2016-04-01,600300.SH,3.0303
166737,2016-04-01,600139.SH,2.8599
166738,2016-04-01,002132.SZ,-0.6135
166739,2016-04-01,600120.SH,0.0
166740,2016-04-01,000661.SZ,0.5888
166741,2016-04-01,002028.SZ,-0.7752
166742,2016-04-01,600763.SH,-1.9438
166743,2016-04-01,000722.SZ,0.0
166744,2016-04-01,002005.SZ,-0.9885
166745,2016-04-01,600761.SH,-0.0967
166746,2016-04-01,002001.SZ,-3.8679
166747,2016-04-01,000792.SZ,-2.3389
166748,2016-04-01,000977.SZ,-1.0551
166749,2016-04-01,002199.SZ,1.0221
166750,2016-04-01,002042.SZ,-0.1998
166751,2016-04-01,000972.SZ,-2.6992
166752,2016-04-01,600720.SH,-0.1374
166753,2016-04-01,002108.SZ,-1.8333
166754,2016-04-01,000921.SZ,-1.1811
166755,2016-04-01,000158.SZ,-1.2185
166756,2016-04-01,002230.SZ,0.0
166757,2016-04-01,002128.SZ,2.0
166758,2016-04-01,000058.SZ,-1.2744
166759,2016-04-01,000019.SZ,-1.6773
166760,2016-04-01,002241.SZ,-0.6641
166761,2016-04-01,600131.SH,2.1118
166762,2016-04-01,002624.SZ,-2.518
166763,2016-04-01,000701.SZ,2.6904
166764,2016-04-01,002149.SZ,0.7759
166765,2016-04-01,600543.SH,-1.3078
166766,2016-04-01,300270.SZ,-1.2852
166767,2016-04-01,300426.SZ,0.0
166768,2016-04-01,002178.SZ,-1.4409
166769,2016-04-01,002172.SZ,-1.8239
166770,2016-04-01,600590.SH,-1.3265
166771,2016-04-01,300360.SZ,2.4915
166772,2016-04-01,000526.SZ,-4.5636
166773,2016-04-01,601005.SH,0.365
166774,2016-04-01,002097.SZ,-1.5102
166775,2016-04-01,002096.SZ,-0.3784
166776,2016-04-01,600660.SH,0.5373
166777,2016-04-01,600328.SH,3.6735
166778,2016-04-01,002030.SZ,-1.8575
166779,2016-04-01,002155.SZ,0.3352
166780,2016-04-01,000700.SZ,-2.4011
166781,2016-04-01,601006.SH,1.31
166782,2016-04-01,601186.SH,2.4086
166783,2016-04-01,601107.SH,-3.112
166784,2016-04-01,601168.SH,0.0
166785,2016-04-01,000659.SZ,4.9587
166786,2016-04-01,002280.SZ,-7.668
166787,2016-04-01,000677.SZ,-4.0377
166788,2016-04-01,002066.SZ,9.9743
166789,2016-04-01,002058.SZ,-1.5683
166790,2016-04-01,601188.SH,0.0
166791,2016-04-01,000519.SZ,0.2972
166792,2016-04-01,300355.SZ,0.0
166793,2016-04-01,600673.SH,-1.5187
166794,2016-04-01,002353.SZ,0.0
166795,2016-04-01,002780.SZ,0.6087
166796,2016-04-01,002747.SZ,-2.8771
166797,2016-04-01,002616.SZ,0.2035
166798,2016-04-01,002791.SZ,10.0027
166799,2016-04-01,600192.SH,0.7084
166800,2016-04-01,300455.SZ,-0.984
166801,2016-04-01,002080.SZ,1.4196
166802,2016-04-01,300488.SZ,0.0
166803,2016-04-01,002739.SZ,0.0
166804,2016-04-01,000548.SZ,-1.9953
166805,2016-04-01,600612.SH,3.0243
166806,2016-04-01,002079.SZ,-0.8782
166807,2016-04-01,603889.SH,0.0
166808,2016-04-01,000795.SZ,-3.68
166809,2016-04-01,000790.SZ,-2.7096
166810,2016-04-01,000788.SZ,-3.1657
166811,2016-04-01,600887.SH,-0.6863
166812,2016-04-01,000777.SZ,-3.4273
166813,2016-04-01,002610.SZ,-0.7859
166814,2016-04-01,002785.SZ,2.8221
166815,2016-04-01,600327.SH,-1.0286
166816,2016-04-01,600322.SH,0.0
166817,2016-04-01,600466.SH,1.0881
166818,2016-04-01,603300.SH,-1.6171
166819,2016-04-01,002576.SZ,-1.8527
166820,2016-04-01,600246.SH,0.8803
166821,2016-04-01,300495.SZ,3.5664
166822,2016-04-01,300417.SZ,-0.4129
166823,2016-04-01,002075.SZ,-1.412
166824,2016-04-01,600984.SH,2.2624
166825,2016-04-01,600316.SH,5.8229
166826,2016-04-01,600983.SH,-1.1132
166827,2016-04-01,300248.SZ,-3.0303
166828,2016-04-01,000636.SZ,0.0
166829,2016-04-01,000633.SZ,0.0
166830,2016-04-01,002373.SZ,-0.8189
166831,2016-04-01,600262.SH,-1.5211
166832,2016-04-01,600630.SH,-0.288
166833,2016-04-01,600277.SH,-2.5168
166834,2016-04-01,300479.SZ,1.095
166835,2016-04-01,600470.SH,-2.8969
166836,2016-04-01,000558.SZ,-3.1416
166837,2016-04-01,600150.SH,-0.7564
166838,2016-04-01,603611.SH,0.0
166839,2016-04-01,603309.SH,-2.8371
166840,2016-04-01,600826.SH,0.7698
166841,2016-04-01,300491.SZ,-0.1092
166842,2016-04-01,300280.SZ,0.3125
166843,2016-04-01,600346.SH,-1.1278
166844,2016-04-01,600027.SH,0.177
166845,2016-04-01,300275.SZ,-2.322
166846,2016-04-01,300425.SZ,0.0
166847,2016-04-01,600176.SH,0.6041
166848,2016-04-01,600401.SH,1.5625
166849,2016-04-01,300055.SZ,-0.982
166850,2016-04-01,300434.SZ,-1.477
166851,2016-04-01,002068.SZ,-0.3125
166852,2016-04-01,600118.SH,-1.5406
166853,2016-04-01,002040.SZ,-3.3768
166854,2016-04-01,002039.SZ,1.4477
166855,2016-04-01,002179.SZ,-0.5315
166856,2016-04-01,002036.SZ,-4.8617
166857,2016-04-01,002034.SZ,-0.2213
166858,2016-04-01,002371.SZ,-3.3064
166859,2016-04-01,002007.SZ,-1.3066
166860,2016-04-01,600807.SH,1.4542
166861,2016-04-01,600587.SH,-2.2859
166862,2016-04-01,000955.SZ,0.0
166863,2016-04-01,600104.SH,1.5454
166864,2016-04-01,000521.SZ,-0.8681
166865,2016-04-01,000524.SZ,0.3826
166866,2016-04-01,600485.SH,0.0
166867,2016-04-01,000426.SZ,-1.5131
166868,2016-04-01,600482.SH,-2.4924
166869,2016-04-01,002143.SZ,-2.3223
166870,2016-04-01,601139.SH,-1.9208
166871,2016-04-01,000926.SZ,-1.0806
166872,2016-04-01,600439.SH,0.0
166873,2016-04-01,002002.SZ,-5.1463
166874,2016-04-01,000923.SZ,1.8544
166875,2016-04-01,600103.SH,0.9363
166876,2016-04-01,000338.SZ,0.6188
166877,2016-04-01,002287.SZ,6.9097
166878,2016-04-01,600549.SH,4.9215
166879,2016-04-01,600292.SH,-1.9795
166880,2016-04-01,600291.SH,-2.7822
166881,2016-04-01,000615.SZ,-2.9079
166882,2016-04-01,002359.SZ,-1.3064
166883,2016-04-01,002549.SZ,7.4112
166884,2016-04-01,600613.SH,-1.5436
166885,2016-04-01,002033.SZ,-0.6093
166886,2016-04-01,600186.SH,0.0
166887,2016-04-01,600185.SH,0.6977
166888,2016-04-01,600148.SH,-0.684
166889,2016-04-01,600523.SH,2.9043
166890,2016-04-01,002334.SZ,-0.4819
166891,2016-04-01,600510.SH,-2.1505
166892,2016-04-01,300446.SZ,0.2227
166893,2016-04-01,000703.SZ,4.7452
166894,2016-04-01,601988.SH,0.2941
166895,2016-04-01,601898.SH,0.5859
166896,2016-04-01,000895.SZ,0.0
166897,2016-04-01,603398.SH,0.0
166898,2016-04-01,000916.SZ,-0.2049
166899,2016-04-01,600986.SH,0.0
166900,2016-04-01,601398.SH,0.2331
166901,2016-04-01,601333.SH,7.5
166902,2016-04-01,002289.SZ,-1.6117
166903,2016-04-01,600558.SH,-0.7133
166904,2016-04-01,000159.SZ,0.0
166905,2016-04-01,600438.SH,0.0
166906,2016-04-01,600372.SH,-1.617
166907,2016-04-01,600393.SH,-0.197
166908,2016-04-01,600392.SH,2.8626
166909,2016-04-01,002423.SZ,-3.7562
166910,2016-04-01,603117.SH,4.0236
166911,2016-04-01,002442.SZ,10.0216
166912,2016-04-01,600218.SH,-1.912
166913,2016-04-01,002187.SZ,0.4357
166914,2016-04-01,300364.SZ,-3.8955
166915,2016-04-01,603118.SH,-2.7679
166916,2016-04-01,600232.SH,-2.3692
166917,2016-04-01,002050.SZ,0.9749
166918,2016-04-01,600223.SH,0.1653
166919,2016-04-01,600623.SH,-3.5899
166920,2016-04-01,002386.SZ,-1.1189
166921,2016-04-01,300464.SZ,4.7048
166922,2016-04-01,600520.SH,0.0
166923,2016-04-01,603017.SH,-1.9463
166924,2016-04-01,002378.SZ,1.8519
166925,2016-04-01,300256.SZ,-2.7489
166926,2016-04-01,000806.SZ,0.0
166927,2016-04-01,300429.SZ,-2.8646
166928,2016-04-01,600488.SH,0.0
166929,2016-04-01,002781.SZ,-1.9632
166930,2016-04-01,601211.SH,-0.6596
166931,2016-04-01,603022.SH,0.3467
166932,2016-04-01,600680.SH,-2.7152
166933,2016-04-01,600884.SH,-1.0296
166934,2016-04-01,600210.SH,-1.7986
166935,2016-04-01,002004.SZ,-1.277
166936,2016-04-01,000062.SZ,-2.067
166937,2016-04-01,000061.SZ,-0.4594
166938,2016-04-01,000027.SZ,-0.9602
166939,2016-04-01,000021.SZ,-1.9502
166940,2016-04-01,002266.SZ,2.4038
166941,2016-04-01,300040.SZ,-2.5
166942,2016-04-01,600677.SH,-1.4121
166943,2016-04-01,002226.SZ,-1.7425
166944,2016-04-01,600676.SH,-0.3749
166945,2016-04-01,002466.SZ,0.0
166946,2016-04-01,000838.SZ,-5.6646
166947,2016-04-01,600990.SH,-1.0819
166948,2016-04-01,002492.SZ,0.0
166949,2016-04-01,000835.SZ,0.0
166950,2016-04-01,600083.SH,-0.5379
166951,2016-04-01,002649.SZ,-2.3334
166952,2016-04-01,002135.SZ,0.3812
166953,2016-04-01,002350.SZ,0.269
166954,2016-04-01,000638.SZ,0.0
166955,2016-04-01,600081.SH,-3.0882
166956,2016-04-01,000637.SZ,-1.715
166957,2016-04-01,603002.SH,-0.9885
166958,2016-04-01,000812.SZ,-2.3438
166959,2016-04-01,000566.SZ,1.1149
166960,2016-04-01,600184.SH,-1.5769
166961,2016-04-01,600329.SH,-0.8163
166962,2016-04-01,300506.SZ,9.99
166963,2016-04-01,600872.SH,-1.9246
166964,2016-04-01,000903.SZ,0.2882
166965,2016-04-01,300447.SZ,-0.4856
166966,2016-04-01,000017.SZ,0.4003
166967,2016-04-01,300262.SZ,4.4966
166968,2016-04-01,002395.SZ,-3.3395
166969,2016-04-01,600206.SH,-1.616
166970,2016-04-01,600209.SH,0.0
166971,2016-04-01,000014.SZ,0.9961
166972,2016-04-01,600500.SH,0.0946
166973,2016-04-01,600662.SH,0.147
166974,2016-04-01,000910.SZ,-2.2556
166975,2016-04-01,600809.SH,-0.4926
166976,2016-04-01,600240.SH,-1.108
166977,2016-04-01,002390.SZ,-0.5198
166978,2016-04-01,600970.SH,0.9579
166979,2016-04-01,000629.SZ,0.3165
166980,2016-04-01,601677.SH,1.6579
166981,2016-04-01,000598.SZ,-0.8418
166982,2016-04-01,000596.SZ,-1.9772
166983,2016-04-01,002560.SZ,2.2491
166984,2016-04-01,000590.SZ,-1.7774
166985,2016-04-01,002244.SZ,0.4005
166986,2016-04-01,300072.SZ,0.9509
166987,2016-04-01,600376.SH,0.2982
166988,2016-04-01,600239.SH,0.0
166989,2016-04-01,000626.SZ,-3.7241
166990,2016-04-01,000155.SZ,1.348
166991,2016-04-01,002719.SZ,-5.3934
166992,2016-04-01,601099.SH,-0.5797
166993,2016-04-01,601088.SH,0.9957
166994,2016-04-01,600508.SH,0.7551
166995,2016-04-01,002566.SZ,0.0
166996,2016-04-01,300467.SZ,-3.1774
166997,2016-04-01,002284.SZ,-1.6113
166998,2016-04-01,002276.SZ,-1.8208
166999,2016-04-01,002064.SZ,-1.217
167000,2016-04-01,300357.SZ,-0.8691
167001,2016-04-01,000798.SZ,-3.8354
167002,2016-04-01,002281.SZ,0.3465
167003,2016-04-01,603227.SH,-0.6202
167004,2016-04-01,300049.SZ,-2.1573
167005,2016-04-01,603698.SH,-2.0946
167006,2016-04-01,300388.SZ,-3.7673
167007,2016-04-01,000997.SZ,0.0
167008,2016-04-01,000531.SZ,-1.165
167009,2016-04-01,603989.SH,-1.1948
167010,2016-04-01,000530.SZ,-0.5215
167011,2016-04-01,002129.SZ,2.0571
167012,2016-04-01,000969.SZ,-0.9363
167013,2016-04-01,000919.SZ,-1.0301
167014,2016-04-01,000918.SZ,0.0
167015,2016-04-01,002251.SZ,-0.8039
167016,2016-04-01,002360.SZ,1.8663
167017,2016-04-01,603729.SH,-2.417
167018,2016-04-01,603011.SH,-5.3685
167019,2016-04-01,600428.SH,0.7508
167020,2016-04-01,600664.SH,-0.2921
167021,2016-04-01,002144.SZ,-0.0458
167022,2016-04-01,000702.SZ,3.8748
167023,2016-04-01,600694.SH,-0.4571
167024,2016-04-01,000012.SZ,-2.0221
167025,2016-04-01,000663.SZ,10.0395
167026,2016-04-01,601008.SH,-4.007
167027,2016-04-01,002490.SZ,-1.9162
167028,2016-04-01,002282.SZ,-0.5833
167029,2016-04-01,002062.SZ,0.7614
167030,2016-04-01,601789.SH,-1.2585
167031,2016-04-01,600318.SH,0.0
167032,2016-04-01,002059.SZ,-2.8313
167033,2016-04-01,000882.SZ,0.0
167034,2016-04-01,002705.SZ,-2.2654
167035,2016-04-01,000989.SZ,-0.7504
167036,2016-04-01,600537.SH,-1.6783
167037,2016-04-01,000528.SZ,-0.8721
167038,2016-04-01,600036.SH,1.1187
167039,2016-04-01,000523.SZ,0.2757
167040,2016-04-01,000963.SZ,-1.1294
167041,2016-04-01,000888.SZ,-1.9984
167042,2016-04-01,000960.SZ,3.4826
167043,2016-04-01,000100.SZ,-0.7833
167044,2016-04-01,000572.SZ,-1.7794
167045,2016-04-01,600331.SH,0.9693
167046,2016-04-01,300459.SZ,0.0
167047,2016-04-01,002082.SZ,1.131
167048,2016-04-01,600895.SH,-2.8375
167049,2016-04-01,603789.SH,-1.2105
167050,2016-04-01,600803.SH,0.0
167051,2016-04-01,603799.SH,1.8009
167052,2016-04-01,002753.SZ,-0.5184
167053,2016-04-01,600830.SH,-1.3685
167054,2016-04-01,300465.SZ,0.0
167055,2016-04-01,603025.SH,-1.7831
167056,2016-04-01,600965.SH,-2.1136
167057,2016-04-01,300489.SZ,0.0632
167058,2016-04-01,300478.SZ,0.0
167059,2016-04-01,600319.SH,0.0
167060,2016-04-01,000807.SZ,0.0
167061,2016-04-01,600233.SH,0.0
167062,2016-04-01,002730.SZ,0.0
167063,2016-04-01,603019.SH,-0.9112
167064,2016-04-01,002157.SZ,-2.9657
167065,2016-04-01,300013.SZ,-0.7958
167066,2016-04-01,002156.SZ,-0.4441
167067,2016-04-01,002180.SZ,0.0
167068,2016-04-01,002175.SZ,-2.8748
167069,2016-04-01,002424.SZ,-2.4008
167070,2016-04-01,600663.SH,0.0
167071,2016-04-01,603808.SH,-1.0137
167072,2016-04-01,300398.SZ,2.4395
167073,2016-04-01,000666.SZ,0.6404
167074,2016-04-01,000672.SZ,-1.0929
167075,2016-04-01,000708.SZ,0.1852
167076,2016-04-01,002355.SZ,1.5692
167077,2016-04-01,600804.SH,-1.4602
167078,2016-04-01,600790.SH,-1.1745
167079,2016-04-01,300167.SZ,-1.8967
167080,2016-04-01,600481.SH,-0.3185
167081,2016-04-01,000533.SZ,0.0
167082,2016-04-01,603368.SH,-1.3987
167083,2016-04-01,000970.SZ,-2.294
167084,2016-04-01,600354.SH,2.3904
167085,2016-04-01,000920.SZ,0.0
167086,2016-04-01,000915.SZ,-1.91
167087,2016-04-01,600123.SH,1.4667
167088,2016-04-01,000157.SZ,0.6536
167089,2016-04-01,000056.SZ,-2.9373
167090,2016-04-01,600480.SH,3.9124
167091,2016-04-01,002768.SZ,-2.3233
167092,2016-04-01,600422.SH,-0.9027
167093,2016-04-01,002364.SZ,-1.2495
167094,2016-04-01,000906.SZ,-0.4108
167095,2016-04-01,601518.SH,-0.2506
167096,2016-04-01,002223.SZ,-1.8662
167097,2016-04-01,000018.SZ,-0.8464
167098,2016-04-01,600667.SH,-0.4292
167099,2016-04-01,600243.SH,-0.1026
167100,2016-04-01,002379.SZ,0.0
167101,2016-04-01,002428.SZ,-0.9896
167102,2016-04-01,600363.SH,0.0
167103,2016-04-01,000536.SZ,-0.7825
167104,2016-04-01,603778.SH,-0.6835
167105,2016-04-01,002151.SZ,-1.7701
167106,2016-04-01,000710.SZ,-3.9174
167107,2016-04-01,600962.SH,4.6083
167108,2016-04-01,000709.SZ,0.3279
167109,2016-04-01,000673.SZ,-2.1691
167110,2016-04-01,601111.SH,4.0816
167111,2016-04-01,002461.SZ,-0.9471
167112,2016-04-01,002272.SZ,0.457
167113,2016-04-01,600628.SH,0.1528
167114,2016-04-01,600896.SH,-1.3524
167115,2016-04-01,603315.SH,-1.5756
167116,2016-04-01,600614.SH,1.992
167117,2016-04-01,603026.SH,-2.1264
167118,2016-04-01,002055.SZ,-2.4749
167119,2016-04-01,601880.SH,-2.0927
167120,2016-04-01,002269.SZ,-1.4085
167121,2016-04-01,002329.SZ,-2.2714
167122,2016-04-01,601901.SH,-0.8838
167123,2016-04-01,600509.SH,-0.5229
167124,2016-04-01,001696.SZ,-1.7561
167125,2016-04-01,600784.SH,-2.1591
167126,2016-04-01,603299.SH,9.9941
167127,2016-04-01,600552.SH,-1.2876
167128,2016-04-01,300002.SZ,-1.5873
167129,2016-04-01,300494.SZ,-1.5577
167130,2016-04-01,600533.SH,0.1656
167131,2016-04-01,600979.SH,2.0635
167132,2016-04-01,603568.SH,-2.0027
167133,2016-04-01,002369.SZ,1.7472
167134,2016-04-01,002550.SZ,1.2828
167135,2016-04-01,002110.SZ,3.0794
167136,2016-04-01,600598.SH,-1.7071
167137,2016-04-01,600531.SH,-4.5226
167138,2016-04-01,002106.SZ,-2.0316
167139,2016-04-01,002104.SZ,-1.7957
167140,2016-04-01,300187.SZ,-1.291
167141,2016-04-01,002103.SZ,-5.1114
167142,2016-04-01,300048.SZ,-1.238
167143,2016-04-01,300421.SZ,3.9466
167144,2016-04-01,600605.SH,2.3005
167145,2016-04-01,002100.SZ,5.9783
167146,2016-04-01,002507.SZ,0.0
167147,2016-04-01,000525.SZ,4.1126
167148,2016-04-01,600320.SH,1.0776
167149,2016-04-01,300006.SZ,0.3253
167150,2016-04-01,002150.SZ,-2.8009
167151,2016-04-01,300050.SZ,-2.4206
167152,2016-04-01,603688.SH,-3.5585
167153,2016-04-01,000544.SZ,0.6177
167154,2016-04-01,002789.SZ,2.8931
167155,2016-04-01,002721.SZ,-2.8235
167156,2016-04-01,300392.SZ,0.0
167157,2016-04-01,300412.SZ,-3.0159
167158,2016-04-01,002742.SZ,0.0
167159,2016-04-01,300057.SZ,0.0
167160,2016-04-01,000630.SZ,-0.3559
167161,2016-04-01,000833.SZ,-1.9774
167162,2016-04-01,600079.SH,-2.1505
167163,2016-04-01,300039.SZ,-0.9775
167164,2016-04-01,600586.SH,0.0
167165,2016-04-01,600461.SH,0.3751
167166,2016-04-01,603369.SH,1.915
167167,2016-04-01,600592.SH,-2.139
167168,2016-04-01,300476.SZ,1.3641
167169,2016-04-01,300490.SZ,0.1712
167170,2016-04-01,002416.SZ,-5.6741
167171,2016-04-01,300452.SZ,2.9821
167172,2016-04-01,300074.SZ,-2.3719
167173,2016-04-01,603939.SH,-0.7319
167174,2016-04-01,002750.SZ,-2.3299
167175,2016-04-01,300469.SZ,-2.8596
167176,2016-04-01,600770.SH,0.0
167177,2016-04-01,600769.SH,0.0
167178,2016-04-01,603567.SH,-2.0069
167179,2016-04-01,603998.SH,-2.0948
167180,2016-04-01,300079.SZ,-2.0468
167181,2016-04-01,002732.SZ,-0.695
167182,2016-04-01,600390.SH,0.0
167183,2016-04-01,002737.SZ,-0.7948
167184,2016-04-01,002186.SZ,-0.7431
167185,2016-04-01,002152.SZ,1.0469
167186,2016-04-01,000911.SZ,-1.0824
167187,2016-04-01,002437.SZ,2.9342
167188,2016-04-01,600352.SH,-0.754
167189,2016-04-01,601218.SH,0.7547
167190,2016-04-01,601908.SH,-0.5789
167191,2016-04-01,002612.SZ,0.0
167192,2016-04-01,600165.SH,-2.1676
167193,2016-04-01,600863.SH,-0.578
167194,2016-04-01,601666.SH,1.4184
167195,2016-04-01,002697.SZ,0.0
167196,2016-04-01,603806.SH,-0.6247
167197,2016-04-01,600707.SH,0.0
167198,2016-04-01,603088.SH,-0.7544
167199,2016-04-01,600859.SH,-0.5023
167200,2016-04-01,300208.SZ,-1.4465
167201,2016-04-01,002700.SZ,3.432
167202,2016-04-01,600652.SH,-2.5597
167203,2016-04-01,601238.SH,-0.0485
167204,2016-04-01,600985.SH,0.0
167205,2016-04-01,002182.SZ,-1.6949
167206,2016-04-01,600249.SH,0.7989
167207,2016-04-01,002184.SZ,-2.3214
167208,2016-04-01,600387.SH,1.1236
167209,2016-04-01,600388.SH,-0.607
167210,2016-04-01,600075.SH,1.131
167211,2016-04-01,002656.SZ,-0.1435
167212,2016-04-01,600078.SH,1.013
167213,2016-04-01,300351.SZ,-2.8186
167214,2016-04-01,000831.SZ,4.0502
167215,2016-04-01,600758.SH,2.9808
167216,2016-04-01,600782.SH,4.4402
167217,2016-04-01,300462.SZ,0.0
167218,2016-04-01,600495.SH,0.6588
167219,2016-04-01,600869.SH,-2.7578
167220,2016-04-01,600555.SH,-1.0903
167221,2016-04-01,600179.SH,-1.0903
167222,2016-04-01,600180.SH,-2.6576
167223,2016-04-01,002713.SZ,-0.9714
167224,2016-04-01,600606.SH,-1.434
167225,2016-04-01,002611.SZ,0.0
167226,2016-04-01,600228.SH,0.0
167227,2016-04-01,600272.SH,1.3802
167228,2016-04-01,002253.SZ,-4.0108
167229,2016-04-01,600275.SH,-1.2802
167230,2016-04-01,600260.SH,-0.9892
167231,2016-04-01,002382.SZ,-0.4686
167232,2016-04-01,603005.SH,-2.0033
167233,2016-04-01,601126.SH,-1.0204
167234,2016-04-01,002362.SZ,-2.7027
167235,2016-04-01,601788.SH,3.0366
167236,2016-04-01,601118.SH,-0.3339
167237,2016-04-01,603003.SH,5.8311
167238,2016-04-01,300023.SZ,-9.9801
167239,2016-04-01,600716.SH,-2.0335
167240,2016-04-01,600718.SH,-1.1212
167241,2016-04-01,600259.SH,7.7032
167242,2016-04-01,600579.SH,9.9828
167243,2016-04-01,002219.SZ,0.0
167244,2016-04-01,600416.SH,1.8779
167245,2016-04-01,300359.SZ,-2.9404
167246,2016-04-01,601633.SH,-0.3289
167247,2016-04-01,000068.SZ,1.2573
167248,2016-04-01,600719.SH,1.4085
167249,2016-04-01,600759.SH,0.0
167250,2016-04-01,002581.SZ,1.302
167251,2016-04-01,000520.SZ,-2.1164
167252,2016-04-01,000429.SZ,0.3584
167253,2016-04-01,600056.SH,-1.3761
167254,2016-04-01,000042.SZ,-1.6718
167255,2016-04-01,600360.SH,7.5949
167256,2016-04-01,300058.SZ,-2.4575
167257,2016-04-01,300457.SZ,7.7077
167258,2016-04-01,002194.SZ,-0.9662
167259,2016-04-01,002321.SZ,-1.1545
167260,2016-04-01,300011.SZ,-1.3158
167261,2016-04-01,300450.SZ,0.0
167262,2016-04-01,002323.SZ,-2.0501
167263,2016-04-01,601801.SH,-2.48
167264,2016-04-01,000627.SZ,-0.1256
167265,2016-04-01,000595.SZ,-0.4246
167266,2016-04-01,000563.SZ,-2.0994
167267,2016-04-01,300350.SZ,-1.6117
167268,2016-04-01,603519.SH,0.0
167269,2016-04-01,002307.SZ,-1.4406
167270,2016-04-01,002220.SZ,3.8339
167271,2016-04-01,002310.SZ,3.203
167272,2016-04-01,600276.SH,0.6775
167273,2016-04-01,002273.SZ,-4.3745
167274,2016-04-01,600421.SH,-2.3876
167275,2016-04-01,300290.SZ,0.0
167276,2016-04-01,002191.SZ,-3.0928
167277,2016-04-01,600789.SH,-1.9211
167278,2016-04-01,000880.SZ,0.8371
167279,2016-04-01,600121.SH,0.6048
167280,2016-04-01,002185.SZ,0.2874
167281,2016-04-01,002571.SZ,-0.8439
167282,2016-04-01,600562.SH,-0.5352
167283,2016-04-01,600569.SH,0.3676
167284,2016-04-01,600261.SH,-1.2392
167285,2016-04-01,002270.SZ,-3.0675
167286,2016-04-01,000902.SZ,4.4884
167287,2016-04-01,002267.SZ,0.0966
167288,2016-04-01,600870.SH,0.0
167289,2016-04-01,600871.SH,1.3972
167290,2016-04-01,600183.SH,-1.0753
167291,2016-04-01,600610.SH,-3.8991
167292,2016-04-01,600611.SH,-0.9524
167293,2016-04-01,603518.SH,5.5083
167294,2016-04-01,300268.SZ,-1.2685
167295,2016-04-01,002038.SZ,1.1359
167296,2016-04-01,002328.SZ,4.1016
167297,2016-04-01,600507.SH,-1.7893
167298,2016-04-01,002264.SZ,1.9126
167299,2016-04-01,600665.SH,-0.3636
167300,2016-04-01,600557.SH,-0.973
167301,2016-04-01,600026.SH,0.3012
167302,2016-04-01,600678.SH,-1.7329
167303,2016-04-01,600256.SH,0.2227
167304,2016-04-01,002345.SZ,1.3876
167305,2016-04-01,600019.SH,1.3333
167306,2016-04-01,600217.SH,1.8957
167307,2016-04-01,600893.SH,-1.8486
167308,2016-04-01,000599.SZ,-1.2048
167309,2016-04-01,600089.SH,-0.2195
167310,2016-04-01,300394.SZ,5.1163
167311,2016-04-01,600891.SH,-1.3994
167312,2016-04-01,000029.SZ,1.3135
167313,2016-04-01,600875.SH,-1.426
167314,2016-04-01,002084.SZ,-2.9464
167315,2016-04-01,600559.SH,-2.7299
167316,2016-04-01,603636.SH,-2.489
167317,2016-04-01,603012.SH,-1.4698
167318,2016-04-01,300485.SZ,1.9419
167319,2016-04-01,002088.SZ,-1.731
167320,2016-04-01,603589.SH,-1.4683
167321,2016-04-01,300418.SZ,-2.1832
167322,2016-04-01,600637.SH,2.2339
167323,2016-04-01,603618.SH,-1.7231
167324,2016-04-01,002772.SZ,3.3013
167325,2016-04-01,600874.SH,-0.6977
167326,2016-04-01,603311.SH,2.9083
167327,2016-04-01,002238.SZ,0.9288
167328,2016-04-01,000931.SZ,-1.5487
167329,2016-04-01,000676.SZ,-3.0473
167330,2016-04-01,000498.SZ,-1.3867
167331,2016-04-01,000671.SZ,-0.6431
167332,2016-04-01,600728.SH,0.0
167333,2016-04-01,002147.SZ,3.7186
167334,2016-04-01,601766.SH,0.4883
167335,2016-04-01,601628.SH,0.461
167336,2016-04-01,002285.SZ,-1.9011
167337,2016-04-01,000662.SZ,1.4209
167338,2016-04-01,600315.SH,-0.4562
167339,2016-04-01,002072.SZ,0.0
167340,2016-04-01,000401.SZ,-1.0999
167341,2016-04-01,000571.SZ,0.0
167342,2016-04-01,000570.SZ,0.6356
167343,2016-04-01,600009.SH,-0.7311
167344,2016-04-01,000546.SZ,-0.7527
167345,2016-04-01,002016.SZ,2.3037
167346,2016-04-01,000540.SZ,-1.1127
167347,2016-04-01,000488.SZ,0.5903
167348,2016-04-01,000430.SZ,-1.5873
167349,2016-04-01,300439.SZ,2.5929
167350,2016-04-01,002087.SZ,0.4354
167351,2016-04-01,002095.SZ,-4.3119
167352,2016-04-01,600021.SH,-0.6003
167353,2016-04-01,000755.SZ,3.6932
167354,2016-04-01,300414.SZ,-0.4367
167355,2016-04-01,000723.SZ,0.0
167356,2016-04-01,000719.SZ,-0.8575
167357,2016-04-01,000539.SZ,-0.5093
167358,2016-04-01,600037.SH,-0.7571
167359,2016-04-01,601369.SH,-1.0219
167360,2016-04-01,600073.SH,-1.2291
167361,2016-04-01,000823.SZ,-1.3408
167362,2016-04-01,603108.SH,1.1983
167363,2016-04-01,000828.SZ,-0.7866
167364,2016-04-01,002449.SZ,-2.0347
167365,2016-04-01,002217.SZ,-2.3034
167366,2016-04-01,600415.SH,0.6536
167367,2016-04-01,600478.SH,-2.7246
167368,2016-04-01,300472.SZ,0.0
167369,2016-04-01,600479.SH,-0.6263
167370,2016-04-01,600094.SH,1.0624
167371,2016-04-01,002767.SZ,1.1575
167372,2016-04-01,600095.SH,0.8421
167373,2016-04-01,600096.SH,-1.0331
167374,2016-04-01,002396.SZ,-2.3529
167375,2016-04-01,600100.SH,-1.249
167376,2016-04-01,600101.SH,-2.2668
167377,2016-04-01,600802.SH,1.7157
167378,2016-04-01,002337.SZ,0.1287
167379,2016-04-01,600117.SH,0.1603
167380,2016-04-01,600119.SH,-1.3182
167381,2016-04-01,600793.SH,0.6897
167382,2016-04-01,002013.SZ,-1.6318
167383,2016-04-01,603861.SH,10.021
167384,2016-04-01,600525.SH,1.1199
167385,2016-04-01,000721.SZ,-1.1628
167386,2016-04-01,000716.SZ,-2.1957
167387,2016-04-01,002089.SZ,0.0
167388,2016-04-01,300047.SZ,-2.1092
167389,2016-04-01,603678.SH,-1.7719
167390,2016-04-01,002158.SZ,-2.2158
167391,2016-04-01,603015.SH,2.5369
167392,2016-04-01,600336.SH,-1.3514
167393,2016-04-01,002418.SZ,3.5307
167394,2016-04-01,600295.SH,-2.6474
167395,2016-04-01,600299.SH,0.2616
167396,2016-04-01,000913.SZ,9.9825
167397,2016-04-01,000715.SZ,0.6887
167398,2016-04-01,300443.SZ,-1.2506
167399,2016-04-01,603223.SH,6.1384
167400,2016-04-01,000665.SZ,-0.8374
167401,2016-04-01,601601.SH,0.5337
167402,2016-04-01,002277.SZ,-0.9132
167403,2016-04-01,300502.SZ,4.3252
167404,2016-04-01,002283.SZ,0.0
167405,2016-04-01,002070.SZ,0.0
167406,2016-04-01,002065.SZ,0.0
167407,2016-04-01,300471.SZ,-1.4777
167408,2016-04-01,000568.SZ,-0.6897
167409,2016-04-01,000545.SZ,3.5661
167410,2016-04-01,000408.SZ,0.3559
167411,2016-04-01,000066.SZ,-1.9149
167412,2016-04-01,000030.SZ,-0.9259
167413,2016-04-01,601599.SH,-3.257
167414,2016-04-01,600477.SH,-2.6007
167415,2016-04-01,300460.SZ,-0.8429
167416,2016-04-01,002121.SZ,1.079
167417,2016-04-01,002116.SZ,0.2182
167418,2016-04-01,000760.SZ,-1.1952
167419,2016-04-01,000780.SZ,1.2422
167420,2016-04-01,000785.SZ,1.0426
167421,2016-04-01,000782.SZ,-1.9689
167422,2016-04-01,600335.SH,3.9474
167423,2016-04-01,600584.SH,0.0
167424,2016-04-01,600333.SH,0.0
167425,2016-04-01,002394.SZ,-1.7846
167426,2016-04-01,300433.SZ,0.0
167427,2016-04-01,000713.SZ,0.3887
167428,2016-04-01,000712.SZ,-2.0966
167429,2016-04-01,601991.SH,0.939
167430,2016-04-01,601588.SH,3.5714
167431,2016-04-01,000513.SZ,0.1112
167432,2016-04-01,002069.SZ,-2.5381
167433,2016-04-01,000567.SZ,0.7997
167434,2016-04-01,000669.SZ,0.0
167435,2016-04-01,002288.SZ,0.0
167436,2016-04-01,002295.SZ,-0.4348
167437,2016-04-01,002010.SZ,4.3558
167438,2016-04-01,600638.SH,-0.2196
167439,2016-04-01,000766.SZ,0.0
167440,2016-04-01,002123.SZ,-0.8676
167441,2016-04-01,603306.SH,0.0
167442,2016-04-01,002338.SZ,-2.0852
167443,2016-04-01,600216.SH,-2.4719
167444,2016-04-01,000651.SZ,0.0
167445,2016-04-01,002613.SZ,-1.0401
167446,2016-04-01,000593.SZ,-0.6341
167447,2016-04-01,600888.SH,1.2694
167448,2016-04-01,600886.SH,-0.4348
167449,2016-04-01,600885.SH,-0.7851
167450,2016-04-01,002440.SZ,-4.1263
167451,2016-04-01,300463.SZ,3.5513
167452,2016-04-01,600337.SH,-2.2745
167453,2016-04-01,300431.SZ,-7.9837
167454,2016-04-01,603899.SH,-0.239
167455,2016-04-01,300174.SZ,-2.634
167456,2016-04-01,002777.SZ,-1.8796
167457,2016-04-01,603828.SH,3.4066
167458,2016-04-01,600846.SH,-0.6823
167459,2016-04-01,603085.SH,0.0
167460,2016-04-01,300420.SZ,1.3206
167461,2016-04-01,603703.SH,-3.2938
167462,2016-04-01,603918.SH,0.0
167463,2016-04-01,002388.SZ,-5.3763
167464,2016-04-01,300496.SZ,4.4668
167465,2016-04-01,300430.SZ,0.0
167466,2016-04-01,601689.SH,0.0
167467,2016-04-01,002009.SZ,-0.8464
167468,2016-04-01,000925.SZ,0.0
167469,2016-04-01,000537.SZ,0.1307
167470,2016-04-01,000010.SZ,-0.12
167471,2016-04-01,603268.SH,0.0
167472,2016-04-01,002729.SZ,-1.8615
167473,2016-04-01,600283.SH,-1.7986
167474,2016-04-01,600297.SH,1.684
167475,2016-04-01,600311.SH,-0.7508
167476,2016-04-01,600326.SH,-1.0181
167477,2016-04-01,600361.SH,-1.707
167478,2016-04-01,300440.SZ,-1.3599
167479,2016-04-01,002757.SZ,3.5128
167480,2016-04-01,300438.SZ,7.7899
167481,2016-04-01,603508.SH,-1.2435
167482,2016-04-01,600765.SH,-0.7015
167483,2016-04-01,002765.SZ,3.2159
167484,2016-04-01,600773.SH,-2.3585
167485,2016-04-01,000767.SZ,-0.8677
167486,2016-04-01,000756.SZ,-1.88
167487,2016-04-01,000762.SZ,-1.5734
167488,2016-04-01,000759.SZ,0.3984
167489,2016-04-01,000753.SZ,-0.8421
167490,2016-04-01,000783.SZ,-0.7782
167491,2016-04-01,000917.SZ,10.0306
167492,2016-04-01,000090.SZ,3.8325
167493,2016-04-01,000751.SZ,0.8547
167494,2016-04-01,300428.SZ,0.0
167495,2016-04-01,002392.SZ,2.5408
167496,2016-04-01,603377.SH,-2.675
167497,2016-04-01,600162.SH,2.6588
167498,2016-04-01,000622.SZ,0.5254
167499,2016-04-01,000652.SZ,-0.1931
167500,2016-04-01,000428.SZ,0.3861
167501,2016-04-01,000927.SZ,0.1527
167502,2016-04-01,000819.SZ,0.2075
167503,2016-04-01,000400.SZ,0.9675
167504,2016-04-01,000063.SZ,0.0
167505,2016-04-01,600238.SH,-1.9608
167506,2016-04-01,000031.SZ,1.4519
167507,2016-04-01,600668.SH,-0.5935
167508,2016-04-01,002218.SZ,-1.8038
167509,2016-04-01,600252.SH,-0.4065
167510,2016-04-01,600248.SH,2.8769
167511,2016-04-01,600255.SH,-0.9281
167512,2016-04-01,600213.SH,3.5211
167513,2016-04-01,600212.SH,-1.6529
167514,2016-04-01,000631.SZ,5.2288
167515,2016-04-01,000591.SZ,0.6524
167516,2016-04-01,002347.SZ,1.6196
167517,2016-04-01,600211.SH,-2.1353
167518,2016-04-01,600106.SH,-2.1077
167519,2016-04-01,600519.SH,-1.0297
167520,2016-04-01,600658.SH,-0.5263
167521,2016-04-01,601198.SH,-3.1493
167522,2016-04-01,300411.SZ,3.4547
167523,2016-04-01,600241.SH,-1.1004
167524,2016-04-01,002131.SZ,0.4169
167525,2016-04-01,600674.SH,0.2339
167526,2016-04-01,601002.SH,1.6451
167527,2016-04-01,600340.SH,0.2471
167528,2016-04-01,600189.SH,-1.1916
167529,2016-04-01,600158.SH,-2.7859
167530,2016-04-01,600841.SH,2.5276
167531,2016-04-01,002092.SZ,-1.7903
167532,2016-04-01,600516.SH,-2.0548
167533,2016-04-01,600572.SH,-0.6554
167534,2016-04-01,600570.SH,-2.3483
167535,2016-04-01,000584.SZ,0.9939
167536,2016-04-01,600999.SH,0.2795
167537,2016-04-01,600132.SH,-1.4771
167538,2016-04-01,600196.SH,0.1004
167539,2016-04-01,600818.SH,-0.5236
167540,2016-04-01,600817.SH,0.0
167541,2016-04-01,600111.SH,2.3659
167542,2016-04-01,300084.SZ,-0.7882
167543,2016-04-01,600110.SH,-1.4948
167544,2016-04-01,300408.SZ,1.7216
167545,2016-04-01,600776.SH,4.5657
167546,2016-04-01,600771.SH,0.0
167547,2016-04-01,600435.SH,-1.8971
167548,2016-04-01,002434.SZ,0.0
167549,2016-04-01,002234.SZ,-2.8621
167550,2016-04-01,000859.SZ,0.3738
167551,2016-04-01,600657.SH,-0.8757
167552,2016-04-01,000858.SZ,-0.4269
167553,2016-04-01,000576.SZ,-1.7621
167554,2016-04-01,600107.SH,-0.1037
167555,2016-04-01,300202.SZ,-1.9317
167556,2016-04-01,603006.SH,-2.3451
167557,2016-04-01,002664.SZ,-1.2164
167558,2016-04-01,300173.SZ,4.1147
167559,2016-04-01,002580.SZ,-1.8416
167560,2016-04-01,601566.SH,-0.4439
167561,2016-04-01,002573.SZ,0.0
167562,2016-04-01,601718.SH,-0.2128
167563,2016-04-01,600727.SH,0.0
167564,2016-04-01,600703.SH,-0.5086
167565,2016-04-01,601360.SH,-2.1378
167566,2016-04-01,300278.SZ,-2.3552
167567,2016-04-01,002401.SZ,-0.1817
167568,2016-04-01,002265.SZ,-1.2451
167569,2016-04-01,300211.SZ,-1.4624
167570,2016-04-01,002603.SZ,0.0
167571,2016-04-01,002597.SZ,-0.0764
167572,2016-04-01,002598.SZ,5.7547
167573,2016-04-01,600289.SH,3.1746
167574,2016-04-01,600287.SH,-1.1494
167575,2016-04-01,601877.SH,-2.2727
167576,2016-04-01,600831.SH,0.7212
167577,2016-04-01,300019.SZ,0.0
167578,2016-04-01,603001.SH,-0.6714
167579,2016-04-01,300327.SZ,-1.4506
167580,2016-04-01,000796.SZ,0.0
167581,2016-04-01,600641.SH,-1.8328
167582,2016-04-01,600091.SH,0.0
167583,2016-04-01,002102.SZ,-5.6589
167584,2016-04-01,300413.SZ,4.1594
167585,2016-04-01,002091.SZ,-2.9759
167586,2016-04-01,002026.SZ,2.3585
167587,2016-04-01,300243.SZ,0.9887
167588,2016-04-01,600284.SH,-0.0887
167589,2016-04-01,300020.SZ,-1.6438
167590,2016-04-01,002014.SZ,0.3851
167591,2016-04-01,002648.SZ,2.8353
167592,2016-04-01,600617.SH,-5.164
167593,2016-04-01,000876.SZ,-0.3731
167594,2016-04-01,002019.SZ,-3.9048
167595,2016-04-01,601939.SH,-0.2062
167596,2016-04-01,600157.SH,0.7673
167597,2016-04-01,600155.SH,-1.2839
167598,2016-04-01,601158.SH,-1.1598
167599,2016-04-01,000890.SZ,0.0
167600,2016-04-01,300470.SZ,3.8964
167601,2016-04-01,000928.SZ,1.7558
167602,2016-04-01,000409.SZ,0.0
167603,2016-04-01,000403.SZ,-1.4442
167604,2016-04-01,000088.SZ,-2.7739
167605,2016-04-01,000078.SZ,-1.7073
167606,2016-04-01,000025.SZ,-2.3416
167607,2016-04-01,600188.SH,1.4124
167608,2016-04-01,600705.SH,-0.8039
167609,2016-04-01,600726.SH,-0.5682
167610,2016-04-01,002464.SZ,-3.336
167611,2016-04-01,002376.SZ,-1.6832
167612,2016-04-01,600053.SH,-1.7905
167613,2016-04-01,002740.SZ,3.5925
167614,2016-04-01,600052.SH,-1.3025
167615,2016-04-01,002203.SZ,2.2606
167616,2016-04-01,002192.SZ,-6.2421
167617,2016-04-01,300043.SZ,0.0
167618,2016-04-01,300493.SZ,-2.206
167619,2016-04-01,300444.SZ,-1.8657
167620,2016-04-01,600386.SH,2.8221
167621,2016-04-01,600370.SH,-0.6671
167622,2016-04-01,002736.SZ,-0.9135
167623,2016-04-01,600207.SH,-1.25
167624,2016-04-01,600177.SH,-0.5291
167625,2016-04-01,300044.SZ,7.4413
167626,2016-04-01,002763.SZ,-0.5899
167627,2016-04-01,600161.SH,-1.1399
167628,2016-04-01,600146.SH,-1.8512
167629,2016-04-01,002197.SZ,-0.3169
167630,2016-04-01,002608.SZ,0.0
167631,2016-04-01,002627.SZ,-1.3107
167632,2016-04-01,300056.SZ,-1.8018
167633,2016-04-01,002411.SZ,3.2648
167634,2016-04-01,603718.SH,-0.3263
167635,2016-04-01,300206.SZ,4.0194
167636,2016-04-01,300456.SZ,-1.7238
167637,2016-04-01,600976.SH,-0.4824
167638,2016-04-01,000096.SZ,2.0532
167639,2016-04-01,002552.SZ,0.1354
167640,2016-04-01,600226.SH,1.6895
167641,2016-04-01,002593.SZ,5.7514
167642,2016-04-01,002447.SZ,0.0
167643,2016-04-01,300115.SZ,-2.2642
167644,2016-04-01,300176.SZ,8.1846
167645,2016-04-01,300153.SZ,0.0
167646,2016-04-01,002487.SZ,0.796
167647,2016-04-01,300401.SZ,-3.7465
167648,2016-04-01,600367.SH,0.0982
167649,2016-04-01,300009.SZ,-3.3052
167650,2016-04-01,000996.SZ,3.7221
167651,2016-04-01,300005.SZ,-1.3982
167652,2016-04-01,002617.SZ,7.0605
167653,2016-04-01,601231.SH,-1.3065
167654,2016-04-01,002278.SZ,0.0
167655,2016-04-01,300266.SZ,-0.9749
167656,2016-04-01,600338.SH,0.5501
167657,2016-04-01,002670.SZ,-2.2601
167658,2016-04-01,000023.SZ,0.0
167659,2016-04-01,600684.SH,3.4307
167660,2016-04-01,300267.SZ,-0.0663
167661,2016-04-01,300196.SZ,-2.4111
167662,2016-04-01,002349.SZ,0.0
167663,2016-04-01,002473.SZ,0.7556
167664,2016-04-01,603869.SH,-3.2995
167665,2016-04-01,600378.SH,-0.9455
167666,2016-04-01,002162.SZ,-1.3889
167667,2016-04-01,002291.SZ,2.2075
167668,2016-04-01,300353.SZ,-2.5161
167669,2016-04-01,002698.SZ,-1.8738
167670,2016-04-01,300122.SZ,-2.9666
167671,2016-04-01,300344.SZ,0.0
167672,2016-04-01,601777.SH,1.8379
167673,2016-04-01,601616.SH,-1.9259
167674,2016-04-01,002247.SZ,1.1795
167675,2016-04-01,600191.SH,-1.8637
167676,2016-04-01,002085.SZ,1.0101
167677,2016-04-01,300127.SZ,-0.9326
167678,2016-04-01,603616.SH,-3.3344
167679,2016-04-01,000975.SZ,2.8662
167680,2016-04-01,600250.SH,4.8909
167681,2016-04-01,002773.SZ,-1.4065
167682,2016-04-01,600301.SH,0.6498
167683,2016-04-01,601169.SH,-0.496
167684,2016-04-01,002588.SZ,-0.3321
167685,2016-04-01,002015.SZ,3.0214
167686,2016-04-01,002474.SZ,-0.9993
167687,2016-04-01,300453.SZ,-7.4551
167688,2016-04-01,300383.SZ,0.1252
167689,2016-04-01,601567.SH,0.4552
167690,2016-04-01,002679.SZ,-1.122
167691,2016-04-01,300123.SZ,0.2013
167692,2016-04-01,002658.SZ,-0.9804
167693,2016-04-01,600247.SH,-0.4989
167694,2016-04-01,002618.SZ,-2.125
167695,2016-04-01,002654.SZ,-3.2622
167696,2016-04-01,600097.SH,9.9755
167697,2016-04-01,600693.SH,-2.4862
167698,2016-04-01,601116.SH,0.892
167699,2016-04-01,002510.SZ,4.8991
167700,2016-04-01,002462.SZ,0.9197
167701,2016-04-01,600128.SH,-0.076
167702,2016-04-01,002166.SZ,-1.5444
167703,2016-04-01,002222.SZ,2.3822
167704,2016-04-01,002259.SZ,1.757
167705,2016-04-01,600834.SH,1.3615
167706,2016-04-01,002467.SZ,0.2315
167707,2016-04-01,601669.SH,0.4644
167708,2016-04-01,300170.SZ,-2.1986
167709,2016-04-01,300046.SZ,0.0
167710,2016-04-01,000752.SZ,0.0
167711,2016-04-01,000982.SZ,0.0
167712,2016-04-01,002215.SZ,-1.1217
167713,2016-04-01,300156.SZ,-2.2747
167714,2016-04-01,601028.SH,2.7569
167715,2016-04-01,000611.SZ,-2.2532
167716,2016-04-01,600857.SH,-2.1006
167717,2016-04-01,601888.SH,-1.1172
167718,2016-04-01,002650.SZ,4.8474
167719,2016-04-01,600734.SH,0.7988
167720,2016-04-01,002559.SZ,-0.9812
167721,2016-04-01,300088.SZ,0.0909
167722,2016-04-01,300339.SZ,-3.0261
167723,2016-04-01,600369.SH,-0.47
167724,2016-04-01,300328.SZ,-1.0958
167725,2016-04-01,600836.SH,-0.717
167726,2016-04-01,600330.SH,1.9608
167727,2016-04-01,600070.SH,2.7882
167728,2016-04-01,601515.SH,0.253
167729,2016-04-01,600775.SH,-2.6909
167730,2016-04-01,002672.SZ,-1.4397
167731,2016-04-01,601388.SH,0.0
167732,2016-04-01,300215.SZ,-1.9766
167733,2016-04-01,601222.SH,0.9624
167734,2016-04-01,002663.SZ,1.3514
167735,2016-04-01,603123.SH,-1.1879
167736,2016-04-01,300311.SZ,-3.1005
167737,2016-04-01,300257.SZ,0.0
167738,2016-04-01,000610.SZ,1.2245
167739,2016-04-01,601328.SH,1.0772
167740,2016-04-01,600768.SH,0.0
167741,2016-04-01,300220.SZ,0.0
167742,2016-04-01,002653.SZ,-1.1862
167743,2016-04-01,300503.SZ,-2.963
167744,2016-04-01,600749.SH,0.0
167745,2016-04-01,600717.SH,-3.0907
167746,2016-04-01,300162.SZ,-1.2095
167747,2016-04-01,002619.SZ,0.0
167748,2016-04-01,300223.SZ,-1.8182
167749,2016-04-01,600747.SH,1.5453
167750,2016-04-01,600380.SH,-1.7382
167751,2016-04-01,300212.SZ,-2.4021
167752,2016-04-01,300004.SZ,-1.3027
167753,2016-04-01,300197.SZ,-2.5271
167754,2016-04-01,300018.SZ,0.9057
167755,2016-04-01,002518.SZ,1.1642
167756,2016-04-01,002221.SZ,-1.0656
167757,2016-04-01,002454.SZ,-0.5073
167758,2016-04-01,000837.SZ,-2.3158
167759,2016-04-01,002620.SZ,8.5538
167760,2016-04-01,603456.SH,2.3673
167761,2016-04-01,300258.SZ,-0.9722
167762,2016-04-01,300017.SZ,0.8218
167763,2016-04-01,600266.SH,0.565
167764,2016-04-01,000016.SZ,0.0
167765,2016-04-01,300035.SZ,-1.1538
167766,2016-04-01,002460.SZ,2.2443
167767,2016-04-01,300483.SZ,-0.383
167768,2016-04-01,600265.SH,2.4362
167769,2016-04-01,002331.SZ,7.2254
167770,2016-04-01,002302.SZ,-0.4375
167771,2016-04-01,002330.SZ,-2.2026
167772,2016-04-01,600689.SH,-1.9362
167773,2016-04-01,002365.SZ,-0.8499
167774,2016-04-01,600862.SH,-1.087
167775,2016-04-01,002335.SZ,2.5212
167776,2016-04-01,601872.SH,-0.3899
167777,2016-04-01,002255.SZ,-0.3851
167778,2016-04-01,002756.SZ,-0.5169
167779,2016-04-01,300304.SZ,0.0
167780,2016-04-01,000001.SZ,0.188
167781,2016-04-01,002637.SZ,2.459
167782,2016-04-01,300085.SZ,-3.5005
167783,2016-04-01,002641.SZ,-0.6068
167784,2016-04-01,002683.SZ,0.1199
167785,2016-04-01,002351.SZ,-4.0987
167786,2016-04-01,601607.SH,0.467
167787,2016-04-01,000516.SZ,1.6999
167788,2016-04-01,000555.SZ,0.0
167789,2016-04-01,601886.SH,-2.6959
167790,2016-04-01,600602.SH,-2.2262
167791,2016-04-01,300303.SZ,-1.868
167792,2016-04-01,600640.SH,3.0038
167793,2016-04-01,300219.SZ,-0.8673
167794,2016-04-01,300158.SZ,1.7489
167795,2016-04-01,600198.SH,1.0727
167796,2016-04-01,600750.SH,-1.0733
167797,2016-04-01,002692.SZ,7.7778
167798,2016-04-01,000656.SZ,-0.7389
167799,2016-04-01,600293.SH,3.7133
167800,2016-04-01,600706.SH,-0.885
167801,2016-04-01,300377.SZ,1.1779
167802,2016-04-01,601688.SH,0.1169
167803,2016-04-01,002645.SZ,-0.802
167804,2016-04-01,300152.SZ,0.0
167805,2016-04-01,000839.SZ,10.0112
167806,2016-04-01,300283.SZ,0.0
167807,2016-04-01,601012.SH,0.0
167808,2016-04-01,300201.SZ,0.0
167809,2016-04-01,600175.SH,-0.1869
167810,2016-04-01,300345.SZ,-0.565
167811,2016-04-01,600601.SH,1.0504
167812,2016-04-01,300155.SZ,-1.731
167813,2016-04-01,300134.SZ,-2.3106
167814,2016-04-01,002651.SZ,-1.3201
167815,2016-04-01,600469.SH,0.0
167816,2016-04-01,601996.SH,-1.1834
167817,2016-04-01,600468.SH,0.0
167818,2016-04-01,300376.SZ,-4.5661
167819,2016-04-01,002193.SZ,0.1919
167820,2016-04-01,002246.SZ,0.0
167821,2016-04-01,000826.SZ,-0.2765
167822,2016-04-01,002493.SZ,0.0
167823,2016-04-01,002640.SZ,-2.215
167824,2016-04-01,002505.SZ,0.0
167825,2016-04-01,000816.SZ,-1.2214
167826,2016-04-01,300199.SZ,-0.7143
167827,2016-04-01,000506.SZ,-0.894
167828,2016-04-01,000809.SZ,1.1416
167829,2016-04-01,600068.SH,0.1661
167830,2016-04-01,603936.SH,-2.4945
167831,2016-04-01,601700.SH,0.0
167832,2016-04-01,600060.SH,-1.3221
167833,2016-04-01,600409.SH,-1.6925
167834,2016-04-01,600406.SH,2.6389
167835,2016-04-01,600403.SH,-0.7092
167836,2016-04-01,002520.SZ,0.5222
167837,2016-04-01,002308.SZ,-2.4096
167838,2016-04-01,002553.SZ,-2.6201
167839,2016-04-01,300221.SZ,1.4493
167840,2016-04-01,300234.SZ,-0.2818
167841,2016-04-01,002380.SZ,-0.2849
167842,2016-04-01,002420.SZ,-0.7292
167843,2016-04-01,601233.SH,4.3141
167844,2016-04-01,600599.SH,-3.4095
167845,2016-04-01,002527.SZ,-2.3853
167846,2016-04-01,600170.SH,0.9294
167847,2016-04-01,600967.SH,-1.9157
167848,2016-04-01,002694.SZ,0.6339
167849,2016-04-01,600865.SH,3.054
167850,2016-04-01,600864.SH,-2.5741
167851,2016-04-01,002680.SZ,1.7831
167852,2016-04-01,600835.SH,-1.5378
167853,2016-04-01,000912.SZ,-2.4242
167854,2016-04-01,300319.SZ,0.2111
167855,2016-04-01,600159.SH,2.8747
167856,2016-04-01,600829.SH,-4.126
167857,2016-04-01,300322.SZ,-2.4096
167858,2016-04-01,002260.SZ,-2.6846
167859,2016-04-01,600539.SH,0.0
167860,2016-04-01,300099.SZ,-2.6224
167861,2016-04-01,002357.SZ,0.5018
167862,2016-04-01,002509.SZ,0.8264
167863,2016-04-01,600503.SH,-2.4024
167864,2016-04-01,300330.SZ,0.0
167865,2016-04-01,600796.SH,1.2871
167866,2016-04-01,603800.SH,-1.8627
167867,2016-04-01,002497.SZ,-0.6015
167868,2016-04-01,300264.SZ,-1.6598
167869,2016-04-01,603111.SH,-0.3945
167870,2016-04-01,000413.SZ,1.0363
167871,2016-04-01,601225.SH,-1.5982
167872,2016-04-01,300435.SZ,3.9408
167873,2016-04-01,300371.SZ,-0.6418
167874,2016-04-01,600595.SH,6.5177
167875,2016-04-01,002647.SZ,0.0
167876,2016-04-01,600167.SH,0.0
167877,2016-04-01,300110.SZ,0.0
167878,2016-04-01,002666.SZ,-1.9293
167879,2016-04-01,002601.SZ,5.9979
167880,2016-04-01,600858.SH,7.8829
167881,2016-04-01,601555.SH,-1.3423
167882,2016-04-01,002530.SZ,-0.7656
167883,2016-04-01,600856.SH,0.0
167884,2016-04-01,600825.SH,-1.6287
167885,2016-04-01,600582.SH,1.4109
167886,2016-04-01,300289.SZ,-1.0652
167887,2016-04-01,000553.SZ,0.0
167888,2016-04-01,600270.SH,0.5673
167889,2016-04-01,600581.SH,0.0
167890,2016-04-01,300306.SZ,1.165
167891,2016-04-01,600982.SH,1.4706
167892,2016-04-01,600491.SH,4.048
167893,2016-04-01,002254.SZ,0.1524
167894,2016-04-01,600833.SH,-0.9042
167895,2016-04-01,002623.SZ,4.7743
167896,2016-04-01,002094.SZ,-0.3913
167897,2016-04-01,002668.SZ,-2.1341
167898,2016-04-01,300422.SZ,-0.065
167899,2016-04-01,601727.SH,-1.4846
167900,2016-04-01,600746.SH,1.5267
167901,2016-04-01,600741.SH,-0.7227
167902,2016-04-01,600794.SH,-1.1091
167903,2016-04-01,002567.SZ,0.2408
167904,2016-04-01,002531.SZ,-0.8212
167905,2016-04-01,002426.SZ,-0.0898
167906,2016-04-01,300218.SZ,-0.6798
167907,2016-04-01,000820.SZ,5.6966
167908,2016-04-01,002727.SZ,3.9183
167909,2016-04-01,601011.SH,-0.3436
167910,2016-04-01,002628.SZ,-1.0256
167911,2016-04-01,002625.SZ,-1.0022
167912,2016-04-01,002299.SZ,-4.0536
167913,2016-04-01,002340.SZ,-1.1342
167914,2016-04-01,002561.SZ,0.0
167915,2016-04-01,002578.SZ,1.4768
167916,2016-04-01,000761.SZ,2.8192
167917,2016-04-01,300131.SZ,-5.7932
167918,2016-04-01,300008.SZ,0.2809
167919,2016-04-01,603598.SH,-2.1642
167920,2016-04-01,300276.SZ,-2.0624
167921,2016-04-01,300324.SZ,-5.0823
167922,2016-04-01,300326.SZ,-0.1382
167923,2016-04-01,600787.SH,1.7483
167924,2016-04-01,600462.SH,2.8395
167925,2016-04-01,300320.SZ,-3.6697
167926,2016-04-01,002243.SZ,0.8521
167927,2016-04-01,300387.SZ,-0.8557
167928,2016-04-01,300390.SZ,0.8519
167929,2016-04-01,002589.SZ,-1.7254
167930,2016-04-01,300228.SZ,-6.7087
167931,2016-04-01,002703.SZ,0.0
167932,2016-04-01,300265.SZ,0.0
167933,2016-04-01,300094.SZ,-1.1568
167934,2016-04-01,002717.SZ,0.0
167935,2016-04-01,600890.SH,0.0
167936,2016-04-01,600744.SH,0.0
167937,2016-04-01,300477.SZ,3.0954
167938,2016-04-01,300437.SZ,0.0
167939,2016-04-01,600745.SH,0.0
167940,2016-04-01,600739.SH,-1.8729
167941,2016-04-01,603077.SH,-0.578
167942,2016-04-01,002196.SZ,-3.1394
167943,2016-04-01,300103.SZ,2.0673
167944,2016-04-01,002429.SZ,-1.4908
167945,2016-04-01,002363.SZ,-2.0789
167946,2016-04-01,002444.SZ,-3.4299
167947,2016-04-01,600760.SH,-2.4814
167948,2016-04-01,002636.SZ,-1.3963
167949,2016-04-01,601021.SH,0.3016
167950,2016-04-01,601965.SH,-1.6077
167951,2016-04-01,002523.SZ,0.2436
167952,2016-04-01,300498.SZ,-0.8941
167953,2016-04-01,002699.SZ,-1.9945
167954,2016-04-01,600851.SH,-0.5275
167955,2016-04-01,300073.SZ,-3.0376
167956,2016-04-01,603993.SH,-1.1173
167957,2016-04-01,300125.SZ,0.0
167958,2016-04-01,603997.SH,-3.4767
167959,2016-04-01,002242.SZ,0.9336
167960,2016-04-01,600774.SH,-3.7697
167961,2016-04-01,300159.SZ,-2.845
167962,2016-04-01,300277.SZ,0.759
167963,2016-04-01,000799.SZ,1.4839
167964,2016-04-01,603333.SH,-1.3605
167965,2016-04-01,000404.SZ,-2.0142
167966,2016-04-01,600067.SH,1.3616
167967,2016-04-01,600400.SH,-5.7393
167968,2016-04-01,600365.SH,-2.1858
167969,2016-04-01,600362.SH,1.4831
167970,2016-04-01,600076.SH,1.2444
167971,2016-04-01,002585.SZ,-1.0859
167972,2016-04-01,000801.SZ,-0.4089
167973,2016-04-01,300070.SZ,0.4617
167974,2016-04-01,300026.SZ,1.2769
167975,2016-04-01,000034.SZ,0.0
167976,2016-04-01,002322.SZ,-0.3409
167977,2016-04-01,300226.SZ,0.0
167978,2016-04-01,001979.SZ,-0.3987
167979,2016-04-01,002587.SZ,-3.6898
167980,2016-04-01,600099.SH,-0.553
167981,2016-04-01,600116.SH,2.2813
167982,2016-04-01,300080.SZ,-0.612
167983,2016-04-01,300259.SZ,-1.6411
167984,2016-04-01,300164.SZ,-1.1166
167985,2016-04-01,600729.SH,-1.55
167986,2016-04-01,603008.SH,-1.8733
167987,2016-04-01,600168.SH,0.0
167988,2016-04-01,601668.SH,1.0526
167989,2016-04-01,601857.SH,0.657
167990,2016-04-01,600467.SH,-2.2457
167991,2016-04-01,603979.SH,-1.4788
167992,2016-04-01,002410.SZ,-1.3294
167993,2016-04-01,600860.SH,-1.1983
167994,2016-04-01,300315.SZ,1.158
167995,2016-04-01,600755.SH,1.2251
167996,2016-04-01,300142.SZ,0.0
167997,2016-04-01,600493.SH,-0.5483
167998,2016-04-01,600828.SH,0.0
167999,2016-04-01,600743.SH,-0.1855
168000,2016-04-01,600736.SH,-1.7897
168001,2016-04-01,600583.SH,0.8368
168002,2016-04-01,002682.SZ,-1.5962
168003,2016-04-01,300370.SZ,-0.5685
168004,2016-04-01,300139.SZ,2.8667
168005,2016-04-01,002037.SZ,-1.5817
168006,2016-04-01,002689.SZ,-1.323
168007,2016-04-01,002471.SZ,-0.8746
168008,2016-04-01,600608.SH,1.2526
168009,2016-04-01,300136.SZ,-0.3391
168010,2016-04-01,600567.SH,-0.3279
168011,2016-04-01,600547.SH,1.9399
168012,2016-04-01,600323.SH,-0.9693
168013,2016-04-01,603128.SH,-1.8499
168014,2016-04-01,002496.SZ,1.9487
168015,2016-04-01,002491.SZ,0.0
168016,2016-04-01,300014.SZ,0.4015
168017,2016-04-01,300216.SZ,-2.6289
168018,2016-04-01,600220.SH,-1.1468
168019,2016-04-01,000789.SZ,0.8086
168020,2016-04-01,300016.SZ,-2.8768
168021,2016-04-01,601137.SH,2.0051
168022,2016-04-01,603988.SH,2.4405
168023,2016-04-01,600398.SH,2.172
168024,2016-04-01,603158.SH,-0.3738
168025,2016-04-01,603010.SH,0.0
168026,2016-04-01,300150.SZ,-2.5177
168027,2016-04-01,002319.SZ,-2.3072
168028,2016-04-01,002514.SZ,-2.0747
168029,2016-04-01,002511.SZ,-3.0645
168030,2016-04-01,002344.SZ,-1.534
168031,2016-04-01,600433.SH,0.9709
168032,2016-04-01,600163.SH,-1.5075
168033,2016-04-01,000815.SZ,-3.4249
168034,2016-04-01,300135.SZ,-1.5066
168035,2016-04-01,002325.SZ,-1.5347
168036,2016-04-01,600597.SH,-1.0833
168037,2016-04-01,002667.SZ,-4.1831
168038,2016-04-01,300185.SZ,-1.7497
168039,2016-04-01,600169.SH,0.0
168040,2016-04-01,002021.SZ,0.3571
168041,2016-04-01,600540.SH,-0.1484
168042,2016-04-01,000586.SZ,-0.1046
168043,2016-04-01,002425.SZ,-5.6
168044,2016-04-01,600368.SH,-0.3774
168045,2016-04-01,300410.SZ,0.0
168046,2016-04-01,603338.SH,1.617
168047,2016-04-01,002751.SZ,-3.6918
168048,2016-04-01,603018.SH,-0.1928
168049,2016-04-01,300308.SZ,0.0
168050,2016-04-01,002326.SZ,0.0
168051,2016-04-01,002508.SZ,-1.5438
168052,2016-04-01,002256.SZ,3.0476
168053,2016-04-01,600998.SH,1.7365
168054,2016-04-01,002574.SZ,-3.2174
168055,2016-04-01,002317.SZ,-1.6129
168056,2016-04-01,002183.SZ,2.0374
168057,2016-04-01,002154.SZ,-0.7619
168058,2016-04-01,002086.SZ,-1.3699
168059,2016-04-01,002483.SZ,-2.8311
168060,2016-04-01,002468.SZ,1.1982
168061,2016-04-01,300145.SZ,0.5096
168062,2016-04-01,002500.SZ,-0.9275
168063,2016-04-01,002676.SZ,0.0
168064,2016-04-01,002644.SZ,-1.4658
168065,2016-04-01,300499.SZ,-2.7858
168066,2016-04-01,000998.SZ,-1.6547
168067,2016-04-01,601579.SH,-1.2998
168068,2016-04-01,002422.SZ,-0.9576
168069,2016-04-01,600538.SH,-1.7497
168070,2016-04-01,002431.SZ,-5.1887
168071,2016-04-01,300075.SZ,-3.4363
168072,2016-04-01,002318.SZ,-0.7805
168073,2016-04-01,600501.SH,-1.5318
168074,2016-04-01,300367.SZ,-4.6839
168075,2016-04-01,600496.SH,-0.3992
168076,2016-04-01,300335.SZ,0.0
168077,2016-04-01,600795.SH,0.0
168078,2016-04-01,000793.SZ,-0.5476
168079,2016-04-01,002258.SZ,5.3826
168080,2016-04-01,002674.SZ,2.4423
168081,2016-04-01,600093.SH,3.6406
168082,2016-04-01,002723.SZ,1.3105
168083,2016-04-01,600463.SH,0.0
168084,2016-04-01,002101.SZ,5.4497
168085,2016-04-01,002245.SZ,3.8186
168086,2016-04-01,300481.SZ,0.7648
168087,2016-04-01,002502.SZ,2.3714
168088,2016-04-01,002209.SZ,0.0
168089,2016-04-01,002208.SZ,9.1506
168090,2016-04-01,002210.SZ,-0.7937
168091,2016-04-01,300078.SZ,-3.139
168092,2016-04-01,600814.SH,1.2232
168093,2016-04-01,002060.SZ,-0.8596
168094,2016-04-01,603766.SH,-1.897
168095,2016-04-01,000803.SZ,0.2183
168096,2016-04-01,600059.SH,1.7429
168097,2016-04-01,600695.SH,-2.0548
168098,2016-04-01,600449.SH,2.9197
168099,2016-04-01,300067.SZ,-3.3493
168100,2016-04-01,603126.SH,10.0346
168101,2016-04-01,300083.SZ,2.5279
168102,2016-04-01,000973.SZ,-2.4176
168103,2016-04-01,002696.SZ,0.0
168104,2016-04-01,603366.SH,0.7509
168105,2016-04-01,000060.SZ,3.2229
168106,2016-04-01,002459.SZ,-0.5538
168107,2016-04-01,300104.SZ,0.0
168108,2016-04-01,000948.SZ,-1.8144
168109,2016-04-01,300358.SZ,-1.7655
168110,2016-04-01,300179.SZ,-0.9602
168111,2016-04-01,002482.SZ,-1.5576
168112,2016-04-01,603168.SH,-2.7576
168113,2016-04-01,002504.SZ,-2.8862
168114,2016-04-01,002606.SZ,-0.1118
168115,2016-04-01,002539.SZ,-0.7315
168116,2016-04-01,002557.SZ,2.8037
168117,2016-04-01,300203.SZ,1.4504
168118,2016-04-01,000552.SZ,-0.3538
168119,2016-04-01,000829.SZ,0.0
168120,2016-04-01,300279.SZ,-0.0617
168121,2016-04-01,600028.SH,2.9412
168122,2016-04-01,300132.SZ,-1.199
168123,2016-04-01,000750.SZ,-0.1712
168124,2016-04-01,300375.SZ,1.3591
168125,2016-04-01,002556.SZ,-1.5581
168126,2016-04-01,002562.SZ,-3.676
168127,2016-04-01,603399.SH,0.0
168128,2016-04-01,002711.SZ,1.0417
168129,2016-04-01,300113.SZ,-3.044
168130,2016-04-01,300114.SZ,-0.5211
168131,2016-04-01,600306.SH,1.8304
168132,2016-04-01,002268.SZ,-2.2112
168133,2016-04-01,300184.SZ,0.0
168134,2016-04-01,300109.SZ,-1.1267
168135,2016-04-01,300182.SZ,-0.9945
168136,2016-04-01,002548.SZ,-0.12
168137,2016-04-01,002515.SZ,0.0
168138,2016-04-01,600681.SH,-2.7853
168139,2016-04-01,600499.SH,-2.293
168140,2016-04-01,300081.SZ,-0.4708
168141,2016-04-01,601890.SH,-0.6849
168142,2016-04-01,600647.SH,-1.072
168143,2016-04-01,600723.SH,-0.2326
168144,2016-04-01,002519.SZ,-0.1054
168145,2016-04-01,300189.SZ,0.0
168146,2016-04-01,002555.SZ,0.0
168147,2016-04-01,300089.SZ,3.4754
168148,2016-04-01,300108.SZ,-3.566
168149,2016-04-01,002665.SZ,-5.0454
168150,2016-04-01,300231.SZ,-0.846
168151,2016-04-01,002456.SZ,0.3391
168152,2016-04-01,600373.SH,-1.2927
168153,2016-04-01,002594.SZ,-0.8672
168154,2016-04-01,002513.SZ,0.6383
168155,2016-04-01,002691.SZ,0.0
168156,2016-04-01,002063.SZ,-1.3049
168157,2016-04-01,002111.SZ,0.8346
168158,2016-04-01,300249.SZ,1.127
168159,2016-04-01,002681.SZ,-1.3748
168160,2016-04-01,000069.SZ,-0.9986
168161,2016-04-01,002114.SZ,4.9226
168162,2016-04-01,002003.SZ,-0.1377
168163,2016-04-01,002012.SZ,0.0
168164,2016-04-01,002470.SZ,0.0
168165,2016-04-01,002693.SZ,-1.5385
168166,2016-04-01,000726.SZ,-0.8086
168167,2016-04-01,300061.SZ,0.5446
168168,2016-04-01,300238.SZ,-1.7442
168169,2016-04-01,002503.SZ,-0.7921
168170,2016-04-01,300356.SZ,-3.1973
168171,2016-04-01,601933.SH,-1.3408
168172,2016-04-01,300318.SZ,-2.3486
168173,2016-04-01,600756.SH,1.8231
168174,2016-04-01,601101.SH,0.289
168175,2016-04-01,600546.SH,0.7335
168176,2016-04-01,002718.SZ,0.1571
168177,2016-04-01,300151.SZ,-2.7266
168178,2016-04-01,600298.SH,-1.2672
168179,2016-04-01,002722.SZ,-2.7832
168180,2016-04-01,002614.SZ,-2.952
168181,2016-04-01,601377.SH,-0.5688
168182,2016-04-01,300141.SZ,-3.3223
168183,2016-04-01,603288.SH,1.9544
168184,2016-04-01,000632.SZ,6.6429
168185,2016-04-01,002417.SZ,-1.6374
168186,2016-04-01,300129.SZ,-0.2762
168187,2016-04-01,002678.SZ,-0.1585
168188,2016-04-01,600963.SH,0.7496
168189,2016-04-01,002138.SZ,-0.5764
168190,2016-04-01,002160.SZ,-1.1387
168191,2016-04-01,300041.SZ,2.2135
168192,2016-04-01,601928.SH,-0.3445
168193,2016-04-01,002333.SZ,-1.8257
168194,2016-04-01,002453.SZ,-4.8168
168195,2016-04-01,601208.SH,-0.5571
168196,2016-04-01,600497.SH,4.2077
168197,2016-04-01,002463.SZ,-0.6356
168198,2016-04-01,300053.SZ,1.2242
168199,2016-04-01,000033.SZ,
168200,2016-04-01,300366.SZ,0.0
168201,2016-04-01,300095.SZ,-0.8637
168202,2016-04-01,600227.SH,-1.5974
168203,2016-04-01,600894.SH,2.3403
168204,2016-04-01,002592.SZ,1.5483
168205,2016-04-01,300247.SZ,1.2827
168206,2016-04-01,002734.SZ,-2.1816
168207,2016-04-01,600960.SH,-1.3462
168208,2016-04-01,601113.SH,0.0
168209,2016-04-01,600987.SH,-2.7102
168210,2016-04-01,000419.SZ,-4.3093
168211,2016-04-01,000011.SZ,-2.3893
168212,2016-04-01,000967.SZ,-0.4695
168213,2016-04-01,300161.SZ,-1.3043
168214,2016-04-01,000151.SZ,3.7554
168215,2016-04-01,002370.SZ,0.5701
168216,2016-04-01,300323.SZ,-1.2517
168217,2016-04-01,300385.SZ,-1.0792
168218,2016-04-01,002643.SZ,-1.1101
168219,2016-04-01,300239.SZ,0.3974
168220,2016-04-01,300372.SZ,0.0699
168221,2016-04-01,300227.SZ,-1.0917
168222,2016-04-01,300501.SZ,1.5378
168223,2016-04-01,002707.SZ,2.3075
168224,2016-04-01,000049.SZ,-1.2023
168225,2016-04-01,002783.SZ,-1.8733
168226,2016-04-01,300292.SZ,0.0
168227,2016-04-01,300309.SZ,-0.7905
168228,2016-04-01,300148.SZ,-1.0271
168229,2016-04-01,300296.SZ,-3.582
168230,2016-04-01,002605.SZ,0.0
168231,2016-04-01,002484.SZ,-2.0419
168232,2016-04-01,600619.SH,4.3243
168233,2016-04-01,000153.SZ,0.0
168234,2016-04-01,300118.SZ,0.4197
168235,2016-04-01,002446.SZ,-2.0667
168236,2016-04-01,603169.SH,-2.0667
168237,2016-04-01,601339.SH,1.7886
168238,2016-04-01,000905.SZ,-2.3415
168239,2016-04-01,300107.SZ,-1.9847
168240,2016-04-01,000930.SZ,1.7147
168241,2016-04-01,002397.SZ,2.0833
168242,2016-04-01,002375.SZ,-3.3973
168243,2016-04-01,300427.SZ,2.4921
168244,2016-04-01,002540.SZ,-0.7643
168245,2016-04-01,300157.SZ,-1.7635
168246,2016-04-01,601798.SH,0.8333
168247,2016-04-01,002296.SZ,-1.662
168248,2016-04-01,300204.SZ,-0.2048
168249,2016-04-01,002600.SZ,0.9592
168250,2016-04-01,603009.SH,-1.3375
168251,2016-04-01,002148.SZ,-1.23
168252,2016-04-01,300329.SZ,-2.7127
168253,2016-04-01,601900.SH,-1.1524
168254,2016-04-01,600432.SH,0.2037
168255,2016-04-01,002298.SZ,-2.5692
168256,2016-04-01,002575.SZ,-2.6415
168257,2016-04-01,300034.SZ,2.3297
168258,2016-04-01,002563.SZ,0.0909
168259,2016-04-01,300232.SZ,-2.79
168260,2016-04-01,001896.SZ,2.0369
168261,2016-04-01,300237.SZ,-2.2967
168262,2016-04-01,300381.SZ,5.4392
168263,2016-04-01,300160.SZ,6.5589
168264,2016-04-01,300062.SZ,-0.9922
168265,2016-04-01,300146.SZ,-6.6258
168266,2016-04-01,000830.SZ,-0.1828
168267,2016-04-01,300347.SZ,-3.6808
168268,2016-04-01,600151.SH,-0.9839
168269,2016-04-01,300458.SZ,-2.1713
168270,2016-04-01,600178.SH,-3.3571
168271,2016-04-01,002134.SZ,-1.0776
168272,2016-04-01,300111.SZ,-0.7449
168273,2016-04-01,300416.SZ,-0.4763
168274,2016-04-01,600405.SH,-1.8077
168275,2016-04-01,002477.SZ,-6.8097
168276,2016-04-01,000650.SZ,2.1574
168277,2016-04-01,601717.SH,0.0
168278,2016-04-01,300346.SZ,-2.501
168279,2016-04-01,002634.SZ,9.9958
168280,2016-04-01,002633.SZ,0.0
168281,2016-04-01,002450.SZ,0.0
168282,2016-04-01,601818.SH,0.8
168283,2016-04-01,300312.SZ,1.7538
168284,2016-04-01,600020.SH,-0.3724
168285,2016-04-01,601038.SH,-1.3725
168286,2016-04-01,002657.SZ,-3.2771
168287,2016-04-01,000851.SZ,-2.4683
168288,2016-04-01,300130.SZ,-4.3354
168289,2016-04-01,600798.SH,-2.3256
168290,2016-04-01,000952.SZ,-2.6266
168291,2016-04-01,000026.SZ,-2.4961
168292,2016-04-01,002545.SZ,-2.0
168293,2016-04-01,300117.SZ,4.9324
168294,2016-04-01,600127.SH,0.8576
168295,2016-04-01,600126.SH,0.8683
168296,2016-04-01,002564.SZ,-0.3866
168297,2016-04-01,002522.SZ,-1.9063
168298,2016-04-01,300024.SZ,-1.6799
168299,2016-04-01,002441.SZ,-2.1394
168300,2016-04-01,000825.SZ,0.8824
168301,2016-04-01,300128.SZ,-1.4132
168302,2016-04-01,300225.SZ,0.0
168303,2016-04-01,300352.SZ,-3.3133
168304,2016-04-01,603222.SH,-1.594
168305,2016-04-01,002127.SZ,-0.8571
168306,2016-04-01,002472.SZ,-1.2224
168307,2016-04-01,600088.SH,-1.2212
168308,2016-04-01,000939.SZ,0.4396
168309,2016-04-01,600061.SH,-2.6632
168310,2016-04-01,300423.SZ,0.0
168311,2016-04-01,300362.SZ,0.0
168312,2016-04-01,000893.SZ,0.0
168313,2016-04-01,002414.SZ,-0.9725
168314,2016-04-01,300343.SZ,0.3025
168315,2016-04-01,000688.SZ,0.0
168316,2016-04-01,002501.SZ,-0.1934
168317,2016-04-01,000717.SZ,0.0
168318,2016-04-01,002499.SZ,-4.9686
168319,2016-04-01,000881.SZ,-1.7271
168320,2016-04-01,300077.SZ,-5.8474
168321,2016-04-01,300395.SZ,-2.4937
168322,2016-04-01,601098.SH,-1.4241
168323,2016-04-01,002332.SZ,-1.1374
168324,2016-04-01,002451.SZ,7.563
168325,2016-04-01,002702.SZ,-2.4525
168326,2016-04-01,300331.SZ,0.0
168327,2016-04-01,002554.SZ,-0.1411
168328,2016-04-01,600806.SH,-5.0098
168329,2016-04-01,601618.SH,-0.2381
168330,2016-04-01,002677.SZ,5.0467
168331,2016-04-01,600425.SH,-1.354
168332,2016-04-01,600710.SH,0.0
168333,2016-04-01,600012.SH,1.1046
168334,2016-04-01,002673.SZ,-4.5152
168335,2016-04-01,600708.SH,0.0
168336,2016-04-01,600023.SH,-0.1792
168337,2016-04-01,600039.SH,0.0
168338,2016-04-01,002638.SZ,3.5519
168339,2016-04-01,002457.SZ,4.7431
168340,2016-04-01,600017.SH,-2.2989
168341,2016-04-01,300386.SZ,-2.2397
168342,2016-04-01,601336.SH,-1.0352
168343,2016-04-01,600753.SH,-1.3184
168344,2016-04-01,601106.SH,-1.129
168345,2016-04-01,002528.SZ,-2.7778
168346,2016-04-01,000639.SZ,-0.1431
168347,2016-04-01,600268.SH,0.651
168348,2016-04-01,601100.SH,-1.6379
168349,2016-04-01,600202.SH,0.0
168350,2016-04-01,300272.SZ,-1.9263
168351,2016-04-01,600603.SH,-1.2087
168352,2016-04-01,002488.SZ,-2.6566
168353,2016-04-01,300119.SZ,-0.1835
168354,2016-04-01,300183.SZ,-1.2364
168355,2016-04-01,600172.SH,-1.3125
168356,2016-04-01,600007.SH,0.4611
168357,2016-04-01,601010.SH,0.339
168358,2016-04-01,600563.SH,1.3541
168359,2016-04-01,300222.SZ,-6.371
168360,2016-04-01,600475.SH,1.7845
168361,2016-04-01,000504.SZ,-1.5279
168362,2016-04-01,002547.SZ,-2.6892
168363,2016-04-01,603600.SH,6.6068
168364,2016-04-01,002206.SZ,-0.727
168365,2016-04-01,300348.SZ,-3.7258
168366,2016-04-01,000950.SZ,0.0
168367,2016-04-01,000909.SZ,2.0297
168368,2016-04-01,002690.SZ,-0.8361
168369,2016-04-01,002714.SZ,0.0
168370,2016-04-01,002315.SZ,-3.0494
168371,2016-04-01,002512.SZ,-1.379
168372,2016-04-01,002551.SZ,2.499
168373,2016-04-01,300068.SZ,1.3613
168374,2016-04-01,002541.SZ,-1.9231
168375,2016-04-01,000786.SZ,2.7282
168376,2016-04-01,600792.SH,1.1236
168377,2016-04-01,601636.SH,-3.7037
168378,2016-04-01,300261.SZ,-2.9697
168379,2016-04-01,000150.SZ,-1.9033
168380,2016-04-01,002316.SZ,0.0
168381,2016-04-01,300242.SZ,-2.3181
168382,2016-04-01,300334.SZ,-1.3545
168383,2016-04-01,600201.SH,-1.2605
168384,2016-04-01,300273.SZ,-2.0979
168385,2016-04-01,000511.SZ,-1.8519
168386,2016-04-01,600867.SH,-0.6209
168387,2016-04-01,300090.SZ,-0.9804
168388,2016-04-01,002286.SZ,-0.2895
168389,2016-04-01,002213.SZ,-2.2927
168390,2016-04-01,002098.SZ,-0.326
168391,2016-04-01,000821.SZ,0.8156
168392,2016-04-01,600071.SH,0.9528
168393,2016-04-01,300321.SZ,6.7009
168394,2016-04-01,300175.SZ,-2.6559
168395,2016-04-01,600410.SH,-0.7864
168396,2016-04-01,600004.SH,-0.6452
168397,2016-04-01,600600.SH,0.1394
168398,2016-04-01,600805.SH,-2.0713
168399,2016-04-01,300198.SZ,-1.6129
168400,2016-04-01,002430.SZ,-0.8434
168401,2016-04-01,300230.SZ,1.789
168402,2016-04-01,600375.SH,2.8169
168403,2016-04-01,300147.SZ,-1.9583
168404,2016-04-01,600251.SH,-0.615
168405,2016-04-01,002480.SZ,-1.7824
168406,2016-04-01,000425.SZ,-0.2849
168407,2016-04-01,002485.SZ,0.0
168408,2016-04-01,300297.SZ,0.0
168409,2016-04-01,002324.SZ,-0.5728
168410,2016-04-01,300284.SZ,-2.183
168411,2016-04-01,300378.SZ,-1.3314
168412,2016-04-01,300233.SZ,1.705
168413,2016-04-01,300325.SZ,0.6317
168414,2016-04-01,000999.SZ,-1.2079
168415,2016-04-01,600483.SH,-1.6502
168416,2016-04-01,002586.SZ,1.996
168417,2016-04-01,600821.SH,3.0012
168418,2016-04-01,002476.SZ,3.2301
168419,2016-04-01,600837.SH,0.7698
168420,2016-04-01,002261.SZ,-5.5789
168421,2016-04-01,002452.SZ,-1.5702
168422,2016-04-01,000534.SZ,-2.1658
168423,2016-04-01,600054.SH,0.4146
168424,2016-04-01,600548.SH,0.5631
168425,2016-04-01,000993.SZ,-0.7991
168426,2016-04-01,600506.SH,-3.8479
168427,2016-04-01,002458.SZ,0.3409
168428,2016-04-01,600536.SH,6.7776
168429,2016-04-01,002368.SZ,-1.6
168430,2016-04-01,002716.SZ,4.9363
168431,2016-04-01,600797.SH,-1.9981
168432,2016-04-01,600062.SH,-0.634
168433,2016-04-01,002532.SZ,1.0963
168434,2016-04-01,300336.SZ,-10.0
168435,2016-04-01,600812.SH,-0.8287
168436,2016-04-01,002354.SZ,0.0
168437,2016-04-01,600460.SH,-0.1647
168438,2016-04-01,002475.SZ,-3.5214
168439,2016-04-01,300064.SZ,2.5227
168440,2016-04-01,002249.SZ,-0.3067
168441,2016-04-01,002248.SZ,-2.2651
168442,2016-04-01,000976.SZ,1.1299
168443,2016-04-01,002214.SZ,-1.1036
168444,2016-04-01,002011.SZ,-1.2175
168445,2016-04-01,002536.SZ,-7.3569
168446,2016-04-01,002041.SZ,-0.3444
168447,2016-04-01,002687.SZ,9.0529
168448,2016-04-01,000592.SZ,3.1967
168449,2016-04-01,300468.SZ,-1.5789
168450,2016-04-01,002481.SZ,-1.0817
168451,2016-04-01,000758.SZ,2.2255
168452,2016-04-01,601318.SH,0.3458
168453,2016-04-01,002591.SZ,-1.3899
168454,2016-04-01,300316.SZ,-1.217
168455,2016-04-01,002738.SZ,2.2396
168456,2016-04-01,300082.SZ,-1.5823
168457,2016-04-01,600408.SH,1.7921
168458,2016-04-01,600712.SH,-0.5365
168459,2016-04-01,002494.SZ,-2.4472
168460,2016-04-01,002469.SZ,0.3613
168461,2016-04-01,000605.SZ,-1.5625
168462,2016-04-01,600395.SH,5.4113
168463,2016-04-01,002671.SZ,-1.0566
168464,2016-04-01,600881.SH,7.1168
168465,2016-04-01,600290.SH,-1.028
168466,2016-04-01,300207.SZ,1.4058
168467,2016-04-01,002570.SZ,-0.9236
168468,2016-04-01,002760.SZ,0.6734
168469,2016-04-01,300341.SZ,3.4653
168470,2016-04-01,300172.SZ,-0.4868
168471,2016-04-01,300354.SZ,-4.0016
168472,2016-04-01,000156.SZ,-2.5747
168473,2016-04-01,300317.SZ,-4.3534
168474,2016-04-01,002524.SZ,0.0
168475,2016-04-01,600666.SH,-2.4667
168476,2016-04-01,600156.SH,-1.0444
168477,2016-04-01,300307.SZ,-1.2632
168478,2016-04-01,002659.SZ,-0.9586
168479,2016-04-01,300112.SZ,-3.719
168480,2016-04-01,601600.SH,2.2779
168481,2016-04-01,300126.SZ,-0.0849
168482,2016-04-01,601000.SH,1.5532
168483,2016-04-01,000166.SZ,-0.5624
168484,2016-04-01,002465.SZ,-1.2374
168485,2016-04-01,002529.SZ,-1.8913
168486,2016-04-01,002076.SZ,1.8983
168487,2016-04-01,600230.SH,2.6253
168488,2016-04-01,300409.SZ,-3.3358
168489,2016-04-01,000698.SZ,-1.31
168490,2016-04-01,300124.SZ,-0.9417
168491,2016-04-01,600748.SH,1.5426
168492,2016-04-01,600661.SH,-4.0214
168493,2016-04-01,600691.SH,1.0811
168494,2016-04-01,600675.SH,0.5464
168495,2016-04-01,000559.SZ,-2.0921
168496,2016-04-01,600222.SH,0.1149
168497,2016-04-01,000046.SZ,-0.7401
168498,2016-04-01,600714.SH,-0.8795
168499,2016-04-01,300138.SZ,-2.0747
168500,2016-04-01,002685.SZ,5.0505
168501,2016-04-01,002604.SZ,1.8041
168502,2016-04-01,002161.SZ,1.972
168503,2016-04-01,600545.SH,-1.8182
168504,2016-04-01,000006.SZ,-0.7229
168505,2016-04-01,300093.SZ,-2.6101
168506,2016-04-01,600800.SH,1.2179
168507,2016-04-01,002579.SZ,-1.8419
168508,2016-04-01,603588.SH,-0.9571
168509,2016-04-01,002537.SZ,-2.0107
168510,2016-04-01,002577.SZ,-4.9964
168511,2016-04-01,600476.SH,4.1449
168512,2016-04-01,002216.SZ,4.0462
168513,2016-04-01,002498.SZ,0.4098
168514,2016-04-01,300181.SZ,-1.3393
168515,2016-04-01,000822.SZ,0.5415
168516,2016-04-01,002543.SZ,-2.8662
168517,2016-04-01,300474.SZ,9.9796
168518,2016-04-01,600072.SH,-1.7511
168519,2016-04-01,600035.SH,-1.4925
168520,2016-04-01,603328.SH,0.3748
168521,2016-04-01,600033.SH,0.2882
168522,2016-04-01,300154.SZ,-0.7021
168523,2016-04-01,600517.SH,2.5451
168524,2016-04-01,600505.SH,2.2936
168525,2016-04-01,300473.SZ,8.2075
168526,2016-04-01,300253.SZ,-1.8654
168527,2016-04-01,002311.SZ,-0.0615
168528,2016-04-01,600381.SH,0.0
168529,2016-04-01,600379.SH,-7.5891
168530,2016-04-01,600801.SH,-4.3333
168531,2016-04-01,000848.SZ,-0.7722
168532,2016-04-01,600115.SH,0.9868
168533,2016-04-01,600550.SH,-0.313
168534,2016-04-01,603021.SH,2.2827
168535,2016-04-01,000002.SZ,0.0
168536,2016-04-01,600879.SH,-1.1394
168537,2016-04-01,300369.SZ,-2.5487
168538,2016-04-01,002177.SZ,-1.4379
168539,2016-04-01,600518.SH,-0.0641
168540,2016-04-01,600122.SH,0.0
168541,2016-04-01,600234.SH,-3.2885
168542,2016-04-01,600671.SH,0.0
168543,2016-04-01,600112.SH,-1.1858
168544,2016-04-01,300012.SZ,-1.2328
168545,2016-04-01,603558.SH,-1.9472
168546,2016-04-01,000836.SZ,0.0
168547,2016-04-01,002652.SZ,0.0
168548,2016-04-01,002073.SZ,-0.78
168549,2016-04-01,000529.SZ,5.3348
168550,2016-04-01,002225.SZ,-4.8476
168551,2016-04-01,000682.SZ,0.1869
168552,2016-04-01,600371.SH,-1.0128
168553,2016-04-01,002263.SZ,-0.7342
168554,2016-04-01,002615.SZ,3.6769
168555,2016-04-01,002262.SZ,0.0458
168556,2016-04-01,600556.SH,0.0
168557,2016-04-01,002766.SZ,0.0
168558,2016-04-01,600791.SH,1.2912
168559,2016-04-01,600356.SH,-0.947
168560,2016-04-01,300010.SZ,-2.1521
168561,2016-04-01,601799.SH,-3.0286
168562,2016-04-01,000028.SZ,-2.9633
168563,2016-04-01,002609.SZ,-2.3325
168564,2016-04-01,002200.SZ,-2.0408
168565,2016-04-01,002708.SZ,-4.5113
168566,2016-04-01,601166.SH,0.5151
168567,2016-04-01,300028.SZ,-9.9821
168568,2016-04-01,300045.SZ,0.0
168569,2016-04-01,300382.SZ,-2.5723
168570,2016-04-01,002595.SZ,-1.292
168571,2016-04-01,300163.SZ,0.0
168572,2016-04-01,002572.SZ,-2.1075
168573,2016-04-01,002533.SZ,2.8332
168574,2016-04-01,002569.SZ,0.0
168575,2016-04-01,601016.SH,-0.3518
168576,2016-04-01,600780.SH,1.487
168577,2016-04-01,300097.SZ,-0.2532
168578,2016-04-01,601929.SH,-0.6424
168579,2016-04-01,300178.SZ,-2.9358
168580,2016-04-01,002201.SZ,0.0
168581,2016-04-01,300169.SZ,0.6446
168582,2016-04-01,002535.SZ,-2.8384
168583,2016-04-01,000868.SZ,-0.8141
168584,2016-04-01,002688.SZ,4.6602
168585,2016-04-01,300300.SZ,-3.7809
168586,2016-04-01,601018.SH,-3.0391
168587,2016-04-01,300143.SZ,-2.4027
168588,2016-04-01,000811.SZ,-1.5088
168589,2016-04-01,000628.SZ,-2.803
168590,2016-04-01,000810.SZ,0.0
168591,2016-04-01,002715.SZ,-2.6139
168592,2016-04-01,600063.SH,3.0242
168593,2016-04-01,601020.SH,-3.3013
168594,2016-04-01,300301.SZ,0.3797
168595,2016-04-01,002445.SZ,-4.7739
168596,2016-04-01,002032.SZ,-1.5161
168597,2016-04-01,600382.SH,-1.506
168598,2016-04-01,002622.SZ,2.5485
168599,2016-04-01,300305.SZ,1.5327
168600,2016-04-01,600880.SH,-1.2545
168601,2016-04-01,002346.SZ,0.0
168602,2016-04-01,002526.SZ,-3.1991
168603,2016-04-01,603699.SH,-1.0141
168604,2016-04-01,300102.SZ,3.6496
168605,2016-04-01,300338.SZ,-2.1807
168606,2016-04-01,603023.SH,-2.5471
168607,2016-04-01,300195.SZ,-1.268
168608,2016-04-01,601177.SH,2.1796
168609,2016-04-01,300116.SZ,-4.2133
168610,2016-04-01,300391.SZ,0.0
168611,2016-04-01,300177.SZ,-2.9974
168612,2016-04-01,002629.SZ,1.0324
168613,2016-04-01,600847.SH,0.0
168614,2016-04-01,300252.SZ,-2.0582
168615,2016-04-01,601199.SH,-0.954
168616,2016-04-01,600740.SH,0.0
168617,2016-04-01,600980.SH,8.3459
168618,2016-04-01,000683.SZ,-0.4274
168619,2016-04-01,300337.SZ,2.0173
168620,2016-04-01,600733.SH,-1.0224
168621,2016-04-01,600866.SH,4.7458
168622,2016-04-01,002669.SZ,-1.5231
168623,2016-04-01,600687.SH,-0.2778
168624,2016-04-01,600313.SH,-1.1722
168625,2016-04-01,603166.SH,-2.3467
168626,2016-04-01,300027.SZ,-2.0386
168627,2016-04-01,000968.SZ,0.0
168628,2016-04-01,300032.SZ,-1.4657
168629,2016-04-01,000980.SZ,0.0
168630,2016-04-01,600808.SH,0.3774
168631,2016-04-01,600423.SH,2.3204
168632,2016-04-01,601608.SH,10.0733
168633,2016-04-01,600969.SH,0.1892
168634,2016-04-01,300096.SZ,0.0
168635,2016-04-01,300092.SZ,-0.6762
168636,2016-04-01,603167.SH,-1.1518
168637,2016-04-01,002517.SZ,-3.2328
168638,2016-04-01,300100.SZ,-0.7476
168639,2016-04-01,002478.SZ,-0.9298
168640,2016-04-01,300349.SZ,-3.5093
168641,2016-04-01,002516.SZ,4.3619
168642,2016-04-01,300397.SZ,-2.119
168643,2016-04-01,002339.SZ,-1.2707
168644,2016-04-01,002660.SZ,-1.5825
168645,2016-04-01,002205.SZ,3.8732
168646,2016-04-01,601368.SH,-0.6627
168647,2016-04-01,002372.SZ,-0.2677
168648,2016-04-01,603000.SH,-1.8498
168649,2016-04-01,002631.SZ,0.0
168650,2016-04-01,300193.SZ,-1.8219
168651,2016-04-01,000587.SZ,-0.1788
168652,2016-04-01,600193.SH,-0.6723
168653,2016-04-01,300021.SZ,-4.1768
168654,2016-04-01,002031.SZ,0.6659
168655,2016-04-01,600082.SH,2.1277
168656,2016-04-01,600160.SH,-2.907
168657,2016-04-01,002655.SZ,1.7348
168658,2016-04-01,600855.SH,-1.6747
168659,2016-04-01,600853.SH,-1.0676
168660,2016-04-01,600530.SH,0.0
168661,2016-04-01,600458.SH,-1.532
168662,2016-04-01,600585.SH,0.4737
168663,2016-04-01,300001.SZ,-2.4116
168664,2016-04-01,300133.SZ,-1.2406
168665,2016-04-01,600526.SH,-1.689
168666,2016-04-01,601009.SH,0.3727
168667,2016-04-01,600735.SH,-3.4028
168668,2016-04-01,600634.SH,-1.3765
168669,2016-04-01,002250.SZ,0.9615
168670,2016-04-01,002534.SZ,0.1255
168671,2016-04-01,601155.SH,-1.0901
168672,2016-04-01,600711.SH,-0.7013
168673,2016-04-01,002590.SZ,0.772
168674,2016-04-01,002159.SZ,-1.5138
168675,2016-04-01,002486.SZ,1.1583
168676,2016-04-01,300246.SZ,-1.5304
168677,2016-04-01,000959.SZ,2.5532
168678,2016-04-01,300144.SZ,-0.2051
168679,2016-04-01,600242.SH,-0.2214
168680,2016-04-01,002301.SZ,1.56
168681,2016-04-01,300120.SZ,-1.2041
168682,2016-04-01,300229.SZ,-1.0213
168683,2016-04-01,601519.SH,-1.8447
168684,2016-04-01,300091.SZ,-0.7607
168685,2016-04-01,600571.SH,0.0
168686,2016-04-01,300236.SZ,0.0899
168687,2016-04-01,002436.SZ,0.0
168688,2016-04-01,600182.SH,-1.5401
168689,2016-04-01,600152.SH,2.8545
168690,2016-04-01,600781.SH,6.0761
168691,2016-04-01,002048.SZ,-6.7816
168692,2016-04-01,000949.SZ,1.6166
168693,2016-04-01,002630.SZ,-0.9149
168694,2016-04-01,002400.SZ,0.765
168695,2016-04-01,601919.SH,0.9852
168696,2016-04-01,600898.SH,2.0793
168697,2016-04-01,600455.SH,-1.1847
168698,2016-04-01,002701.SZ,-1.7213
168699,2016-04-01,300205.SZ,-1.2684
168700,2016-04-01,002239.SZ,2.5744
168701,2016-04-01,300106.SZ,1.4179
168702,2016-04-01,600589.SH,-1.1025
168703,2016-04-01,002099.SZ,0.9728
168704,2016-04-01,300194.SZ,0.0
168705,2016-04-01,600273.SH,3.972
168706,2016-04-01,000875.SZ,-0.9464
168707,2016-04-01,600022.SH,0.3759
168708,2016-04-01,000333.SZ,-0.8428
168709,2016-04-01,600281.SH,2.1959
168710,2016-04-01,600511.SH,0.0
168711,2016-04-01,300190.SZ,0.5786
168712,2016-04-01,600171.SH,-1.2953
168713,2016-04-01,601216.SH,-1.5484
168714,2016-04-01,600138.SH,-0.9574
168715,2016-04-01,002745.SZ,1.0366
168716,2016-04-01,601179.SH,1.6014
168717,2016-04-01,600325.SH,2.5744
168718,2016-04-01,600822.SH,0.0
168719,2016-04-01,002366.SZ,-3.4909
168720,2016-04-01,000877.SZ,0.4594
168721,2016-04-01,601992.SH,0.333
168722,2016-04-01,600077.SH,-2.0036
168723,2016-04-01,600057.SH,0.2941
168724,2016-04-01,300286.SZ,-1.9608
168725,2016-04-01,000690.SZ,-1.5873
168726,2016-04-01,600995.SH,1.1862
168727,2016-04-01,601311.SH,-0.6778
168728,2016-04-01,600704.SH,-1.7228
168729,2016-04-01,600692.SH,6.4094
168730,2016-04-01,000971.SZ,-1.3778
168731,2016-04-01,002274.SZ,-2.2026
168732,2016-04-01,002769.SZ,-1.3448
168733,2016-04-01,002521.SZ,-0.6243
168734,2016-04-01,600656.SH,-10.0418
168735,2016-04-01,002506.SZ,-2.7711
168736,2016-04-01,600697.SH,0.5986
168737,2016-04-01,601288.SH,0.0
168738,2016-04-01,300180.SZ,2.5
168739,2016-04-01,002635.SZ,-2.0479
168740,2016-04-01,600069.SH,0.0
168741,2016-04-01,000581.SZ,-0.9896
168742,2016-04-01,002348.SZ,-1.5083
168743,2016-04-01,601390.SH,1.9876
168744,2016-04-01,600197.SH,-2.8436
168745,2016-04-01,300022.SZ,0.6494
168746,2016-04-01,600698.SH,0.5119
168747,2016-04-01,600699.SH,-2.6308
168748,2016-04-01,600988.SH,-1.5643
168749,2016-04-01,600629.SH,3.595
168750,2016-04-01,300003.SZ,-0.5392
168751,2016-04-01,000776.SZ,-0.7177
168752,2016-04-01,002607.SZ,-1.087
168753,2016-04-01,002167.SZ,-1.2115
168754,2016-04-01,600190.SH,-4.6748
168755,2016-04-01,300038.SZ,0.0
168756,2016-04-01,300224.SZ,0.0
168757,2016-04-01,300251.SZ,-2.7766
168758,2016-04-01,300260.SZ,0.6808
168759,2016-04-01,000966.SZ,0.846
168760,2016-04-01,600351.SH,-1.0667
168761,2016-04-01,002119.SZ,-2.9266
168762,2016-04-01,600732.SH,0.0
168763,2016-04-01,000802.SZ,0.0739
168764,2016-04-01,600731.SH,0.0
168765,2016-04-01,600701.SH,0.0
168766,2016-04-01,600141.SH,-1.918
168767,2016-04-01,300171.SZ,-1.7518
168768,2016-04-01,600843.SH,0.0
168769,2016-04-01,600565.SH,-2.0353
168770,2016-04-01,600777.SH,-1.7983
168771,2016-04-01,600448.SH,-0.5517
168772,2016-04-01,300037.SZ,-0.4919
168773,2016-04-01,600420.SH,-3.3281
168774,2016-04-01,600436.SH,-2.1802
168775,2016-04-01,002706.SZ,-0.9033
168776,2016-04-01,002236.SZ,-0.9156
168777,2016-04-01,600498.SH,-0.3577
168778,2016-04-01,002235.SZ,0.8249
168779,2016-04-01,002124.SZ,-2.2488
168780,2016-04-01,002304.SZ,-1.3922
168781,2016-04-01,300209.SZ,-2.6533
168782,2016-04-01,000861.SZ,-1.2302
168783,2016-04-01,002413.SZ,2.962
168784,2016-04-01,000797.SZ,2.4659
168785,2016-04-01,002662.SZ,9.9933
168786,2016-04-01,600446.SH,-4.2421
168787,2016-04-01,002398.SZ,-0.3959
168788,2016-04-01,300025.SZ,0.0
168789,2016-04-01,600113.SH,0.0
168790,2016-04-01,600819.SH,0.1502
168791,2016-04-01,002233.SZ,-1.7204
168792,2016-04-01,002130.SZ,-3.1926
168793,2016-04-01,600844.SH,-0.9077
168794,2016-04-01,600522.SH,-0.5917
168795,2016-04-01,300168.SZ,4.9265
168796,2016-04-01,601558.SH,-0.6431
168797,2016-04-01,600280.SH,-1.6644
168798,2016-04-01,600521.SH,0.3837
168799,2016-04-01,600580.SH,-0.3431
168800,2016-04-01,600348.SH,4.5926
168801,2016-04-01,600573.SH,-1.9284
168802,2016-04-01,600873.SH,0.0
168803,2016-04-01,600136.SH,-1.6567
168804,2016-04-01,600133.SH,-2.0882
168805,2016-04-01,002358.SZ,0.6334
168806,2016-04-01,300105.SZ,-1.3095
168807,2016-04-01,000818.SZ,0.0
168808,2016-04-01,000020.SZ,-2.3013
168809,2016-04-01,000860.SZ,-2.1928
168810,2016-04-01,600098.SH,-0.8383
168811,2016-04-01,000862.SZ,0.6299
168812,2016-04-01,300389.SZ,-1.3144
168813,2016-04-01,600200.SH,-1.4739
168814,2016-04-01,002306.SZ,0.0
168815,2016-04-01,600850.SH,0.3235
168816,2016-04-01,300051.SZ,-2.2269
168817,2016-04-01,300285.SZ,0.0
168818,2016-04-01,300288.SZ,-2.5172
168819,2016-04-01,300188.SZ,-3.1629
168820,2016-04-01,600848.SH,0.0
168821,2016-04-01,002639.SZ,-5.4595
168822,2016-04-01,600845.SH,-2.381
168823,2016-04-01,002408.SZ,0.2264
168824,2016-04-01,002646.SZ,-1.8785
168825,2016-04-01,600528.SH,3.4332
168826,2016-04-01,002724.SZ,-2.0619
168827,2016-04-01,002726.SZ,-0.6436
168828,2016-04-01,000935.SZ,0.2999
168829,2016-04-01,000582.SZ,0.0
168830,2016-04-01,000603.SZ,-0.6767
168831,2016-04-01,000585.SZ,0.0
168832,2016-04-01,300293.SZ,-1.8703
168833,2016-04-01,600702.SH,-1.0747
168834,2016-04-01,002582.SZ,-4.3245
168835,2016-04-01,002542.SZ,0.0
168836,2016-04-01,300250.SZ,4.2345
168837,2016-04-01,002438.SZ,-2.4481
168838,2016-04-01,300235.SZ,-2.2833
168839,2016-04-01,601007.SH,-1.4458
168840,2016-04-01,000736.SZ,0.0
168841,2016-04-01,002602.SZ,-3.4
168842,2016-04-01,300076.SZ,-2.4304
168843,2016-04-01,300213.SZ,-2.2154
168844,2016-04-01,002489.SZ,4.4578
168845,2016-04-01,002792.SZ,10.0091
168846,2016-04-01,300033.SZ,-3.6364
168847,2016-04-01,601800.SH,0.4098
168848,2016-04-01,300069.SZ,-0.5618
168849,2016-04-01,300402.SZ,2.4798
168850,2016-04-01,300036.SZ,5.2821
168851,2016-04-01,600737.SH,0.8958
168852,2016-04-01,600577.SH,-1.3216
168853,2016-04-01,600576.SH,3.4547
168854,2016-04-01,002455.SZ,4.9881
168855,2016-04-01,000800.SZ,-2.0582
168856,2016-04-01,002008.SZ,0.4494
168857,2016-04-01,600058.SH,-1.0936
168858,2016-04-01,000532.SZ,-2.5919
168859,2016-04-01,002728.SZ,-1.1675
168860,2016-04-01,300165.SZ,0.9189
168861,2016-04-01,600377.SH,0.2392
168862,2016-04-01,600090.SH,-2.0059
168863,2016-04-01,000055.SZ,1.6347
168864,2016-04-01,600366.SH,-1.3158
168865,2016-04-01,002195.SZ,-0.7432
168866,2016-04-01,000538.SZ,-0.6525
168867,2016-04-01,002565.SZ,-1.2048
168868,2016-04-01,002071.SZ,-2.7591
168869,2016-04-01,000929.SZ,0.0
168870,2016-04-01,000965.SZ,-0.7561
168871,2016-04-01,000863.SZ,1.7472
168872,2016-04-01,300052.SZ,-3.4026
168873,2016-04-01,300419.SZ,10.0011
168874,2016-04-01,002237.SZ,0.5066
168875,2016-04-01,300295.SZ,-2.6873
168876,2016-04-01,600137.SH,-4.0858
168877,2016-04-01,002385.SZ,-2.4576
168878,2016-04-01,002558.SZ,-3.4636
168879,2016-04-01,000852.SZ,0.0
168880,2016-04-01,600820.SH,9.9515
168881,2016-04-01,000869.SZ,0.7851
168882,2016-04-01,002399.SZ,-0.0983
168883,2016-04-01,600688.SH,8.7977
168884,2016-04-01,600779.SH,-0.3378
168885,2016-04-01,002752.SZ,-2.6722
168886,2016-04-01,600778.SH,-0.3185
168887,2016-04-01,002599.SZ,0.0
168888,2016-04-01,600452.SH,-0.3592
168889,2016-04-01,600696.SH,0.0
168890,2016-04-01,000725.SZ,0.3922
168891,2016-04-01,300137.SZ,-2.0611
168892,2016-04-01,300342.SZ,-0.4622
168893,2016-04-01,300299.SZ,0.0
168894,2016-04-01,300121.SZ,-0.6541
168895,2016-04-01,600824.SH,0.5882
168896,2016-04-01,002778.SZ,2.9766
168897,2016-04-01,002661.SZ,2.6034
168898,2016-04-01,600876.SH,2.2368
168899,2016-04-01,300405.SZ,0.0
168900,2016-04-01,600594.SH,-1.8462
168901,2016-04-01,600650.SH,0.0
168902,2016-04-01,000938.SZ,-2.8683
168903,2016-04-01,300214.SZ,-1.476
168904,2016-04-01,300191.SZ,-2.7366
168905,2016-04-01,300415.SZ,-3.9262
168906,2016-04-01,002675.SZ,0.0
168907,2016-04-01,600882.SH,0.0
168908,2016-04-01,000589.SZ,0.1799
168909,2016-04-01,300240.SZ,1.4508
168910,2016-04-01,600064.SH,4.7908
168911,2016-04-01,002181.SZ,-2.7083
168912,2016-04-01,300007.SZ,-3.327
168913,2016-04-01,600532.SH,-0.7084
168914,2016-04-01,600085.SH,-1.2264
168915,2016-04-01,002240.SZ,-1.9462
168916,2016-04-01,002118.SZ,0.0704
168917,2016-04-01,300140.SZ,-2.1997
168918,2016-04-01,300200.SZ,1.0997
168919,2016-04-01,603308.SH,-2.0292
168920,2016-04-01,600588.SH,3.4978
168921,2016-04-01,002568.SZ,0.0
168922,2016-04-01,002495.SZ,-0.3378
168923,2016-04-01,600889.SH,-1.3492
168924,2016-04-01,600823.SH,-0.2876
168925,2016-04-01,600459.SH,2.0282
168926,2016-04-01,000635.SZ,2.6385
168927,2016-04-01,603609.SH,5.2042
168928,2016-04-01,002746.SZ,-5.4425
168929,2016-04-01,600166.SH,-0.9191
168930,2016-04-01,300281.SZ,1.0789
168931,2016-04-01,300332.SZ,-2.0087
168932,2016-04-01,300255.SZ,-1.4734
168933,2016-04-01,600578.SH,-0.2041
168934,2016-04-01,600399.SH,-1.1749
168935,2016-04-01,300333.SZ,-3.3296
168936,2016-04-01,600456.SH,1.0824
168937,2016-04-01,300149.SZ,0.3914
168938,2016-04-01,300030.SZ,-2.3693
168939,2016-04-01,000878.SZ,1.7606
168940,2016-04-01,300313.SZ,0.0
168941,2016-04-01,300244.SZ,-1.12
168942,2016-04-01,002381.SZ,-2.0562
168943,2016-04-01,600066.SH,0.1032
168944,2016-04-01,300302.SZ,-2.3737
168945,2016-04-01,300340.SZ,0.0
168946,2016-04-01,002695.SZ,-0.48
168947,2016-04-01,300310.SZ,-2.8021
168948,2016-04-01,002153.SZ,0.4748
168949,2016-04-01,300373.SZ,-0.9464
168950,2016-04-01,300166.SZ,-2.1057
168951,2016-04-01,300271.SZ,-3.1925
168952,2016-04-01,002479.SZ,-0.8114
168953,2016-04-01,600489.SH,0.1866
168954,2016-04-01,600389.SH,0.0
168955,2016-04-01,600854.SH,-0.2813
168956,2016-04-01,600321.SH,0.2653
168957,2016-04-01,600359.SH,-2.4236
168958,2016-04-01,002207.SZ,0.0
168959,2016-04-01,002709.SZ,0.0
168960,2016-04-01,002224.SZ,0.8791
168961,2016-04-01,002546.SZ,-7.199
168962,2016-04-01,002642.SZ,-2.6323
168963,2016-04-01,300314.SZ,-2.1182
168964,2016-04-01,300400.SZ,-3.4072
168965,2016-04-01,000667.SZ,0.0
168966,2016-04-01,600385.SH,9.9857
168967,2016-04-01,000813.SZ,5.0922
168968,2016-04-01,600145.SH,0.0
168969,2016-04-01,000670.SZ,-0.2669
168970,2016-04-01,002725.SZ,3.7186
168971,2016-04-01,600143.SH,-1.0955
168972,2016-04-01,600237.SH,-2.288
168973,2016-04-01,002584.SZ,-0.6902
168974,2016-04-01,600783.SH,-2.3114
168975,2016-04-01,300192.SZ,-1.9711
168976,2016-04-01,600742.SH,-1.6016
168977,2016-04-01,603555.SH,-1.9841
168978,2016-04-01,002712.SZ,5.7277
168979,2016-04-01,002686.SZ,-1.1475
168980,2016-04-01,002202.SZ,-0.609
